Site Name,Address,KBS #,Customer #,City,State,Crew ID,Job Type,Time In,Time Out,Status,Duration,Punch In Caller ID,Punch In Phone Type,Punch In Latitude,Punch In Longitude,Punch Out Caller ID,Punch Out Phone Type,Punch Out Latitude,Punch Out Longitude,Source,Punch Reason
Chewy - HOU1,13250 Crosby Rd,187577,HOU1,Houston,TX,7085,CREW,2026-06-15 18:26,2026-06-16 00:30,Closed,06:04,,"",29.824637712843533,-95.1898800101903,,"",29.82469675561048,-95.18995526974167,,user
Chewy - HOU1,13250 Crosby Rd,187577,HOU1,Houston,TX,8216,CREW,2026-06-15 18:28,2026-06-16 00:30,Closed,06:02,,"",29.824671369823594,-95.189941172639,,"",29.824628728342546,-95.18990863184645,,user
Chewy - HOU1,13250 Crosby Rd,187577,HOU1,Houston,TX,3701,CREW,2026-06-15 18:29,2026-06-16 00:30,Closed,06:01,,"",29.82471331397684,-95.18994625480556,,"",29.824716896188555,-95.18995968814515,,user
Chewy - HOU1,13250 Crosby Rd,187577,HOU1,Houston,TX,6007,CREW,2026-06-15 18:29,2026-06-16 01:31,Closed,07:02,,"",29.8244883,-95.1894993,,"",29.8244229,-95.1894698,,user
Chewy - HOU1,13250 Crosby Rd,187577,HOU1,Houston,TX,7204,CREW,2026-06-15 18:29,2026-06-16 00:30,Closed,06:01,,"",29.824662788880993,-95.18993991269542,,"",29.824649371347718,-95.18987435307311,,user
Chewy - HOU1,13250 Crosby Rd,187577,HOU1,Houston,TX,3155,CREW,2026-06-15 18:30,2026-06-16 00:30,Closed,06:00,,"",29.824649592104986,-95.18992197764693,,"",29.824636157887824,-95.18989913496608,,user
Chewy - HOU1,13250 Crosby Rd,187577,HOU1,Houston,TX,8398,CREW,2026-06-15 18:30,2026-06-16 00:31,Closed,06:01,,"",29.8245647,-95.1896851,,"",29.8245616,-95.1896138,,user
Chewy - HOU1,13250 Crosby Rd,187577,HOU1,Houston,TX,480474019,CREW,2026-06-15 18:31,2026-06-16 00:30,Closed,05:59,,"",29.8243963,-95.189394,,"",29.8243399,-95.1894915,,user
Chewy - HOU1,13250 Crosby Rd,187577,HOU1,Houston,TX,2712,CREW,2026-06-15 18:42,2026-06-16 00:30,Closed,05:48,,"",29.82683439894169,-95.19010589887058,,"",29.825035402797493,-95.18981965179628,,user
Chewy - HOU1,13250 Crosby Rd,187577,HOU1,Houston,TX,0000,CREW,2026-06-15 18:45,2026-06-16 00:30,Closed,05:45,,"",29.823162363350466,-95.19580112235042,,"",29.824723676567665,-95.18996483553805,,user
Chewy - HOU1,13250 Crosby Rd,187577,HOU1,Houston,TX,0000,CREW,2026-06-16 01:29,2026-06-16 05:30,Closed,04:01,,"",29.82483123156871,-95.19014408820365,,"",29.825056703286865,-95.19032285300851,,user
Chewy - HOU1,13250 Crosby Rd,187577,HOU1,Houston,TX,3701,CREW,2026-06-16 01:30,2026-06-16 05:30,Closed,04:00,,"",29.824717201149806,-95.18995985269099,,"",29.825045073002613,-95.19025387537961,,user
Chewy - HOU1,13250 Crosby Rd,187577,HOU1,Houston,TX,8398,CREW,2026-06-16 01:30,2026-06-16 05:30,Closed,04:00,,"",29.8245585,-95.1896175,,"",29.8245987,-95.1899738,,user
Chewy - HOU1,13250 Crosby Rd,187577,HOU1,Houston,TX,7085,CREW,2026-06-16 01:30,2026-06-16 05:32,Closed,04:02,,"",29.824632922928107,-95.1898970542977,,"",29.824728723118216,-95.18997292470777,,user
Chewy - HOU1,13250 Crosby Rd,187577,HOU1,Houston,TX,3155,CREW,2026-06-16 01:30,2026-06-16 05:30,Closed,04:00,,"",29.82464427166251,-95.18988717481608,,"",29.824960809961052,-95.19020499707378,,user
Chewy - HOU1,13250 Crosby Rd,187577,HOU1,Houston,TX,7204,CREW,2026-06-16 01:30,2026-06-16 05:31,Closed,04:01,,"",29.824625196274525,-95.18986220619082,,"",29.824837290527984,-95.18987579877339,,user
Chewy - HOU1,13250 Crosby Rd,187577,HOU1,Houston,TX,480474019,CREW,2026-06-16 01:30,2026-06-16 05:32,Closed,04:02,,"",29.8243809,-95.1894903,,"",29.8243423,-95.1893637,,user
Chewy - HOU1,13250 Crosby Rd,187577,HOU1,Houston,TX,2712,CREW,2026-06-16 01:31,2026-06-16 05:30,Closed,03:59,,"",29.829389911591523,-95.19018457103616,,"",29.82487263248776,-95.189944606352,,user
Chewy - HOU1,13250 Crosby Rd,187577,HOU1,Houston,TX,8216,CREW,2026-06-16 01:33,2026-06-16 05:30,Closed,03:57,,"",29.82456341822689,-95.18978582433324,,"",29.82473360615938,-95.19000334496977,,user
Chewy - HOU1,13250 Crosby Rd,187577,HOU1,Houston,TX,6007,CREW,2026-06-16 02:29,2026-06-16 05:31,Closed,03:02,,"",29.8241828,-95.1896069,,"",29.8246619,-95.1900714,,user
Chewy - HOU1,13250 Crosby Rd,187577,HOU1,Houston,TX,6586,CREW,2026-06-16 05:54,2026-06-16 12:02,Closed,06:08,,"",29.8280541,-95.1904927,,"",29.8242423,-95.1892998,,user
Chewy - HOU1,13250 Crosby Rd,187577,HOU1,Houston,TX,6261,CREW,2026-06-16 05:55,2026-06-16 12:02,Closed,06:07,,"",29.82423,-95.1893131,,"",29.8242522,-95.1892338,,user
Chewy - HOU1,13250 Crosby Rd,187577,HOU1,Houston,TX,3675,CREW,2026-06-16 05:55,2026-06-16 12:00,Closed,06:05,,"",29.824725655404006,-95.18995778448979,,"",29.824692347187963,-95.18993896149541,,user
Chewy - HOU1,13250 Crosby Rd,187577,HOU1,Houston,TX,6320,CREW,2026-06-16 05:55,2026-06-16 13:30,Closed,07:35,,"",29.82466152443984,-95.18995252946257,,"",29.824506463735833,-95.1896851926545,,user
Chewy - HOU1,13250 Crosby Rd,187577,HOU1,Houston,TX,0957,CREW,2026-06-16 05:55,2026-06-16 12:00,Closed,06:05,,"",29.824733405967823,-95.18997674862601,,"",29.824760317780786,-95.19001438919705,,user
Chewy - HOU1,13250 Crosby Rd,187577,HOU1,Houston,TX,9496,CREW,2026-06-16 05:58,2026-06-16 12:00,Closed,06:02,,"",29.822679787765228,-95.19695915551122,,"",29.82470056322402,-95.18993859675267,,user
Chewy - HOU1,13250 Crosby Rd,187577,HOU1,Houston,TX,1009,CREW,2026-06-16 05:59,2026-06-16 12:31,Closed,06:32,,"",29.824678798056773,-95.18992637337298,,"",29.824678798056773,-95.18992637337298,,user
Chewy - HOU1,13250 Crosby Rd,187577,HOU1,Houston,TX,6067,CREW,2026-06-16 05:59,2026-06-16 12:00,Closed,06:01,,"",29.824671853619307,-95.18993311756468,,"",29.824673034327123,-95.1898839526485,,user
Chewy - HOU1,13250 Crosby Rd,187577,HOU1,Houston,TX,6532,CREW,2026-06-16 06:01,2026-06-16 12:04,Closed,06:03,,"",29.822653199999998,-95.1970543,,"",29.8251063,-95.19035110000002,,user
Chewy - HOU1,13250 Crosby Rd,187577,HOU1,Houston,TX,2189,CREW,2026-06-16 06:04,2026-06-16 12:00,Closed,05:56,,"",29.8224933,-95.1973083,,"",29.8243893,-95.1894696,,user
Chewy - HOU1,13250 Crosby Rd,187577,HOU1,Houston,TX,5794,CREW,2026-06-16 06:04,2026-06-16 12:00,Closed,05:56,,"",29.8233223,-95.1946899,,"",29.8243783,-95.189388,,user
Chewy - HOU1,13250 Crosby Rd,187577,HOU1,Houston,TX,4156,CREW,2026-06-16 06:04,2026-06-16 12:00,Closed,05:56,,"",29.8238117,-95.1938317,,"",29.8244417,-95.1896153,,user
Chewy - HOU1,13250 Crosby Rd,187577,HOU1,Houston,TX,9318,CREW,2026-06-16 06:08,2026-06-16 12:00,Closed,05:52,,"",29.822525408854318,-95.19726043890763,,"",29.82471026945828,-95.18995544757058,,user
Chewy - HOU1,13250 Crosby Rd,187577,HOU1,Houston,TX,1276,CREW,2026-06-16 06:20,2026-06-16 12:00,Closed,05:40,,"",29.8231464,-95.1957973,,"",29.8250932,-95.1903052,,user
Chewy - HOU1,13250 Crosby Rd,187577,HOU1,Houston,TX,6586,CREW,2026-06-16 12:57,2026-06-16 17:01,Closed,04:04,,"",29.8242422,-95.1892215,,"",29.8251826,-95.1897848,,user
Chewy - HOU1,13250 Crosby Rd,187577,HOU1,Houston,TX,4156,CREW,2026-06-16 12:59,2026-06-16 17:00,Closed,04:01,,"",29.8244967,-95.1895701,,"",29.8246805,-95.1912553,,user
Chewy - HOU1,13250 Crosby Rd,187577,HOU1,Houston,TX,1009,CREW,2026-06-16 12:59,2026-06-16 17:00,Closed,04:01,,"",29.824678798056773,-95.18992637337298,,"",29.824678798056773,-95.18992637337298,,user
Chewy - HOU1,13250 Crosby Rd,187577,HOU1,Houston,TX,6067,CREW,2026-06-16 12:59,2026-06-16 17:00,Closed,04:01,,"",29.824669891076805,-95.18991352090615,,"",29.824677954662913,-95.189962515282,,user
Chewy - HOU1,13250 Crosby Rd,187577,HOU1,Houston,TX,0957,CREW,2026-06-16 13:00,2026-06-16 17:00,Closed,04:00,,"",29.82473500033628,-95.1899779695032,,"",29.827971165001873,-95.1900070895808,,user
Chewy - HOU1,13250 Crosby Rd,187577,HOU1,Houston,TX,1276,CREW,2026-06-16 13:00,2026-06-16 17:01,Closed,04:01,,"",29.8251097,-95.1903055,,"",29.8241906,-95.1924849,,user
Chewy - HOU1,13250 Crosby Rd,187577,HOU1,Houston,TX,2189,CREW,2026-06-16 13:00,2026-06-16 17:00,Closed,04:00,,"",29.8243819,-95.1895308,,"",29.828059,-95.1904904,,user
Chewy - HOU1,13250 Crosby Rd,187577,HOU1,Houston,TX,9496,CREW,2026-06-16 13:00,2026-06-16 17:02,Closed,04:02,,"",29.824728418815084,-95.18998152396318,,"",29.824914628244656,-95.19046510024788,,user
Chewy - HOU1,13250 Crosby Rd,187577,HOU1,Houston,TX,5794,CREW,2026-06-16 13:00,2026-06-16 17:01,Closed,04:01,,"",29.824217,-95.1893536,,"",29.8245087,-95.1894896,,user
Chewy - HOU1,13250 Crosby Rd,187577,HOU1,Houston,TX,3675,CREW,2026-06-16 13:00,2026-06-16 17:00,Closed,04:00,,"",29.824695607699784,-95.18993346395965,,"",29.824288995954706,-95.19187857441938,,user
Chewy - HOU1,13250 Crosby Rd,187577,HOU1,Houston,TX,6532,CREW,2026-06-16 13:00,2026-06-16 17:01,Closed,04:01,,"",29.8251065,-95.1903509,,"",29.828744950459136,-95.1830213401018,,user
Chewy - HOU1,13250 Crosby Rd,187577,HOU1,Houston,TX,9318,CREW,2026-06-16 13:00,2026-06-16 17:00,Closed,04:00,,"",29.8247584501855,-95.19003654079664,,"",29.824755775897035,-95.190008021582,,user
Chewy - HOU1,13250 Crosby Rd,187577,HOU1,Houston,TX,6261,CREW,2026-06-16 13:00,2026-06-16 17:00,Closed,04:00,,"",29.8242283,-95.1893152,,"",29.8251047,-95.1898529,,user
Chewy - HOU1,13250 Crosby Rd,187577,HOU1,Houston,TX,6320,CREW,2026-06-16 14:30,2026-06-16 17:00,Closed,02:30,,"",29.824670190695315,-95.18989993758393,,"",29.825140570980356,-95.18979996556587,,user
Chewy - HOU1,13250 Crosby Rd,187577,HOU1,Houston,TX,0000,CREW,2026-06-16 18:22,2026-06-17 00:44,Closed,06:22,,"",29.82485370296596,-95.19016630233779,,"",29.824729289562704,-95.18997315731495,,user
Chewy - HOU1,13250 Crosby Rd,187577,HOU1,Houston,TX,7085,CREW,2026-06-16 18:27,2026-06-17 00:30,Closed,06:03,,"",29.82466256550076,-95.18987723475401,,"",29.824686699088858,-95.18991847287752,,user
Chewy - HOU1,13250 Crosby Rd,187577,HOU1,Houston,TX,3701,CREW,2026-06-16 18:29,2026-06-17 00:30,Closed,06:01,,"",29.82471327519392,-95.18994353740723,,"",29.824722381321855,-95.18998490954878,,user
Chewy - HOU1,13250 Crosby Rd,187577,HOU1,Houston,TX,480474019,CREW,2026-06-16 18:29,2026-06-17 00:30,Closed,06:01,,"",29.8243923,-95.1894391,,"",29.8242673,-95.1893942,,user
Chewy - HOU1,13250 Crosby Rd,187577,HOU1,Houston,TX,6007,CREW,2026-06-16 18:29,2026-06-17 00:31,Closed,06:02,,"",29.8243745,-95.1893701,,"",29.8243719,-95.18942,,user
Chewy - HOU1,13250 Crosby Rd,187577,HOU1,Houston,TX,7204,CREW,2026-06-16 18:29,2026-06-17 00:30,Closed,06:01,,"",29.8246513353448,-95.18991929391477,,"",29.82470724081169,-95.18994588625586,,user
Chewy - HOU1,13250 Crosby Rd,187577,HOU1,Houston,TX,8398,CREW,2026-06-16 18:30,2026-06-17 00:30,Closed,06:00,,"",29.8246577,-95.1895993,,"",29.8245287,-95.189586,,user
Chewy - HOU1,13250 Crosby Rd,187577,HOU1,Houston,TX,3155,CREW,2026-06-16 18:30,2026-06-17 00:30,Closed,06:00,,"",29.824650787495205,-95.18990034938557,,"",29.824657490912994,-95.1899332248559,,user
Chewy - HOU1,13250 Crosby Rd,187577,HOU1,Houston,TX,8216,CREW,2026-06-16 18:30,2026-06-17 00:30,Closed,06:00,,"",29.824680787612273,-95.19007638042387,,"",29.824706291496206,-95.18998234590089,,user
Chewy - HOU1,13250 Crosby Rd,187577,HOU1,Houston,TX,2712,CREW,2026-06-16 18:44,2026-06-17 00:31,Closed,05:47,,"",29.825543686399588,-95.1883560955424,,"",29.82940291999939,-95.19018553999987,,user
Chewy - HOU1,13250 Crosby Rd,187577,HOU1,Houston,TX,6007,CREW,2026-06-17 01:29,2026-06-17 05:30,Closed,04:01,,"",29.8244728,-95.1894754,,"",29.8244468,-95.1898162,,user
Chewy - HOU1,13250 Crosby Rd,187577,HOU1,Houston,TX,7204,CREW,2026-06-17 01:29,2026-06-17 05:31,Closed,04:02,,"",29.82468263291579,-95.18991388019744,,"",29.82487185775766,-95.18982096686514,,user
Chewy - HOU1,13250 Crosby Rd,187577,HOU1,Houston,TX,3701,CREW,2026-06-17 01:30,2026-06-17 05:30,Closed,04:00,,"",29.824709834563066,-95.18995297629627,,"",29.824899257445505,-95.19034913169448,,user
Chewy - HOU1,13250 Crosby Rd,187577,HOU1,Houston,TX,8216,CREW,2026-06-17 01:30,2026-06-17 05:30,Closed,04:00,,"",29.824684072157993,-95.18995002870273,,"",29.824620036196425,-95.18991270287543,,user
Chewy - HOU1,13250 Crosby Rd,187577,HOU1,Houston,TX,3155,CREW,2026-06-17 01:30,2026-06-17 05:30,Closed,04:00,,"",29.824668378443732,-95.18993052685163,,"",29.824909893823623,-95.19036110499425,,user
Chewy - HOU1,13250 Crosby Rd,187577,HOU1,Houston,TX,7085,CREW,2026-06-17 01:30,2026-06-17 05:30,Closed,04:00,,"",29.824636942690596,-95.18990012333508,,"",29.8246735138536,-95.18996924300583,,user
Chewy - HOU1,13250 Crosby Rd,187577,HOU1,Houston,TX,480474019,CREW,2026-06-17 01:30,2026-06-17 05:31,Closed,04:01,,"",29.8244247,-95.1895288,,"",29.8243269,-95.1896265,,user
Chewy - HOU1,13250 Crosby Rd,187577,HOU1,Houston,TX,8398,CREW,2026-06-17 01:30,2026-06-17 05:30,Closed,04:00,,"",29.8245551,-95.1897074,,"",29.824469,-95.1897363,,user
Chewy - HOU1,13250 Crosby Rd,187577,HOU1,Houston,TX,0000,CREW,2026-06-17 01:30,2026-06-17 05:43,Closed,04:13,,"",29.82471493803239,-95.18996789997273,,"",29.824816184146165,-95.19071104945166,,user
Chewy - HOU1,13250 Crosby Rd,187577,HOU1,Houston,TX,2712,CREW,2026-06-17 01:30,2026-06-17 05:30,Closed,04:00,,"",29.82794194446881,-95.19498347363269,,"",29.82497619127318,-95.18973073584118,,user
Chewy - HOU1,13250 Crosby Rd,187577,HOU1,Houston,TX,6261,CREW,2026-06-17 05:55,2026-06-17 12:00,Closed,06:05,,"",29.8248931,-95.1899405,,"",29.8243538,-95.1892202,,user
Chewy - HOU1,13250 Crosby Rd,187577,HOU1,Houston,TX,6320,CREW,2026-06-17 05:55,2026-06-17 13:30,Closed,07:35,,"",29.825125021733328,-95.18985445583323,,"",29.824448683068113,-95.19015648589087,,user
Chewy - HOU1,13250 Crosby Rd,187577,HOU1,Houston,TX,0957,CREW,2026-06-17 05:55,2026-06-17 12:00,Closed,06:05,,"",29.825146221583584,-95.18983757132216,,"",29.824760317780786,-95.19001438919705,,user
Chewy - HOU1,13250 Crosby Rd,187577,HOU1,Houston,TX,2189,CREW,2026-06-17 05:55,2026-06-17 12:00,Closed,06:05,,"",29.8227117,-95.1969233,,"",29.8243966,-95.1895114,,user
Chewy - HOU1,13250 Crosby Rd,187577,HOU1,Houston,TX,6586,CREW,2026-06-17 05:55,2026-06-17 12:02,Closed,06:07,,"",29.8251536,-95.1898473,,"",29.8306595,-95.1893233,,user
Chewy - HOU1,13250 Crosby Rd,187577,HOU1,Houston,TX,3675,CREW,2026-06-17 05:57,2026-06-17 12:00,Closed,06:03,,"",29.824696325460426,-95.1899337069133,,"",29.824695239079844,-95.18994043818896,,user
Chewy - HOU1,13250 Crosby Rd,187577,HOU1,Houston,TX,9496,CREW,2026-06-17 05:57,2026-06-17 12:00,Closed,06:03,,"",29.823764531910445,-95.19385897557238,,"",29.824701536473068,-95.18994071131854,,user
Chewy - HOU1,13250 Crosby Rd,187577,HOU1,Houston,TX,1009,CREW,2026-06-17 05:59,2026-06-17 12:00,Closed,06:01,,"",29.824678587099843,-95.18992511191098,,"",29.824678587099843,-95.18992511191098,,user
Chewy - HOU1,13250 Crosby Rd,187577,HOU1,Houston,TX,4156,CREW,2026-06-17 05:59,2026-06-17 12:00,Closed,06:01,,"",29.825005,-95.1903,,"",29.8243214,-95.1896089,,user
Chewy - HOU1,13250 Crosby Rd,187577,HOU1,Houston,TX,6067,CREW,2026-06-17 06:00,2026-06-17 12:00,Closed,06:00,,"",29.82462993786739,-95.18988804091542,,"",29.82463131236914,-95.18985843523139,,user
Chewy - HOU1,13250 Crosby Rd,187577,HOU1,Houston,TX,1276,CREW,2026-06-17 06:01,2026-06-17 12:00,Closed,05:59,,"",29.8262597,-95.1888965,,"",29.8250952,-95.1902686,,user
Chewy - HOU1,13250 Crosby Rd,187577,HOU1,Houston,TX,5794,CREW,2026-06-17 06:01,2026-06-17 12:00,Closed,05:59,,"",29.8231514,-95.1956572,,"",29.8242881,-95.1892119,,user
Chewy - HOU1,13250 Crosby Rd,187577,HOU1,Houston,TX,6532,CREW,2026-06-17 06:02,2026-06-17 12:01,Closed,05:59,,"",29.824941278974723,-95.1921055344513,,"",29.82483655105138,-95.19168593760746,,user
Chewy - HOU1,13250 Crosby Rd,187577,HOU1,Houston,TX,9318,CREW,2026-06-17 06:03,2026-06-17 12:00,Closed,05:57,,"",29.822611322860308,-95.19706068199996,,"",29.824729184056572,-95.18997480825978,,user
Chewy - HOU1,13250 Crosby Rd,187577,HOU1,Houston,TX,6586,CREW,2026-06-17 12:58,2026-06-17 17:03,Closed,04:05,,"",29.8242397,-95.1893722,,"",29.8251686,-95.1898035,,user
Chewy - HOU1,13250 Crosby Rd,187577,HOU1,Houston,TX,6532,CREW,2026-06-17 12:59,2026-06-17 17:01,Closed,04:02,,"",29.825053606984934,-95.190299943576,,"",29.825109649559558,-95.19026993681966,,user
Chewy - HOU1,13250 Crosby Rd,187577,HOU1,Houston,TX,4156,CREW,2026-06-17 12:59,2026-06-17 17:00,Closed,04:01,,"",29.8242332,-95.1893133,,"",29.8249833,-95.190345,,user
Chewy - HOU1,13250 Crosby Rd,187577,HOU1,Houston,TX,1009,CREW,2026-06-17 12:59,2026-06-17 17:01,Closed,04:02,,"",29.824678587099843,-95.18992511191098,,"",29.824678587099843,-95.18992511191098,,user
Chewy - HOU1,13250 Crosby Rd,187577,HOU1,Houston,TX,6067,CREW,2026-06-17 13:00,2026-06-17 17:02,Closed,04:02,,"",29.824671261614764,-95.18989571310344,,"",29.824807964367405,-95.19004959566811,,user
Chewy - HOU1,13250 Crosby Rd,187577,HOU1,Houston,TX,2189,CREW,2026-06-17 13:00,2026-06-17 17:00,Closed,04:00,,"",29.824306,-95.1894537,,"",29.8249983,-95.1902767,,user
Chewy - HOU1,13250 Crosby Rd,187577,HOU1,Houston,TX,0957,CREW,2026-06-17 13:00,2026-06-17 17:00,Closed,04:00,,"",29.824734592192293,-95.18997726418753,,"",29.825189322909164,-95.18983596592842,,user
Chewy - HOU1,13250 Crosby Rd,187577,HOU1,Houston,TX,1276,CREW,2026-06-17 13:00,2026-06-17 17:00,Closed,04:00,,"",29.825137,-95.1907682,,"",29.825127,-95.1907636,,user
Chewy - HOU1,13250 Crosby Rd,187577,HOU1,Houston,TX,6261,CREW,2026-06-17 13:00,2026-06-17 17:02,Closed,04:02,,"",29.8242949,-95.1894882,,"",29.8242251,-95.1893514,,user
Chewy - HOU1,13250 Crosby Rd,187577,HOU1,Houston,TX,9496,CREW,2026-06-17 13:00,2026-06-17 17:01,Closed,04:01,,"",29.824734611679233,-95.190005068095,,"",29.82471761521769,-95.18995223674536,,user
Chewy - HOU1,13250 Crosby Rd,187577,HOU1,Houston,TX,9318,CREW,2026-06-17 13:00,2026-06-17 17:00,Closed,04:00,,"",29.824729184056572,-95.18997480825978,,"",29.824729184056572,-95.18997480825978,,user
Chewy - HOU1,13250 Crosby Rd,187577,HOU1,Houston,TX,3675,CREW,2026-06-17 13:00,2026-06-17 17:00,Closed,04:00,,"",29.824696863935458,-95.18993503090262,,"",29.824786009993606,-95.18996784130391,,user
Chewy - HOU1,13250 Crosby Rd,187577,HOU1,Houston,TX,5794,CREW,2026-06-17 13:01,2026-06-17 17:01,Closed,04:00,,"",29.824488,-95.1895753,,"",29.8244786,-95.1894586,,user
Chewy - HOU1,13250 Crosby Rd,187577,HOU1,Houston,TX,6320,CREW,2026-06-17 14:30,2026-06-17 17:00,Closed,02:30,,"",29.824662468463792,-95.18992840727327,,"",29.824674279111303,-95.18994496420679,,user
Chewy - HOU1,13250 Crosby Rd,187577,HOU1,Houston,TX,0000,CREW,2026-06-17 18:21,2026-06-18 00:34,Closed,06:13,,"",29.82473047666855,-95.1899582654436,,"",29.824716235552323,-95.18996877131573,,user
Chewy - HOU1,13250 Crosby Rd,187577,HOU1,Houston,TX,8216,CREW,2026-06-17 18:22,2026-06-18 00:30,Closed,06:08,,"",29.824639631516135,-95.18987484997882,,"",29.824672258768075,-95.1899327043822,,user
Chewy - HOU1,13250 Crosby Rd,187577,HOU1,Houston,TX,7204,CREW,2026-06-17 18:29,2026-06-18 00:30,Closed,06:01,,"",29.824674286867673,-95.1899062089209,,"",29.824674145468208,-95.18990893866938,,user
Chewy - HOU1,13250 Crosby Rd,187577,HOU1,Houston,TX,3701,CREW,2026-06-17 18:29,2026-06-18 00:30,Closed,06:01,,"",29.82471112717299,-95.18993868414863,,"",29.824713352154227,-95.18995635809291,,user
Chewy - HOU1,13250 Crosby Rd,187577,HOU1,Houston,TX,480474019,CREW,2026-06-17 18:30,2026-06-18 00:30,Closed,06:00,,"",29.8243494,-95.1894683,,"",29.8243443,-95.1893749,,user
Chewy - HOU1,13250 Crosby Rd,187577,HOU1,Houston,TX,8398,CREW,2026-06-17 18:30,2026-06-18 00:30,Closed,06:00,,"",29.8245812,-95.1897271,,"",29.8245726,-95.1896077,,user
Chewy - HOU1,13250 Crosby Rd,187577,HOU1,Houston,TX,6007,CREW,2026-06-17 18:30,2026-06-18 00:30,Closed,06:00,,"",29.824417,-95.1893983,,"",29.8244149,-95.1894671,,user
Chewy - HOU1,13250 Crosby Rd,187577,HOU1,Houston,TX,7085,CREW,2026-06-17 18:30,2026-06-18 00:30,Closed,06:00,,"",29.824688020370687,-95.18995376893103,,"",29.82489017914838,-95.1899619515611,,user
Chewy - HOU1,13250 Crosby Rd,187577,HOU1,Houston,TX,3155,CREW,2026-06-17 18:30,2026-06-18 00:30,Closed,06:00,,"",29.824625477057175,-95.18986041803217,,"",29.824975440306467,-95.19023269423766,,user
Chewy - HOU1,13250 Crosby Rd,187577,HOU1,Houston,TX,2712,CREW,2026-06-17 18:47,2026-06-18 00:30,Closed,05:43,,"",29.825059525393932,-95.18953640277876,,"",29.824995021803137,-95.1898784783359,,user
Chewy - HOU1,13250 Crosby Rd,187577,HOU1,Houston,TX,0000,CREW,2026-06-18 01:29,2026-06-18 05:30,Closed,04:01,,"",29.824730236330552,-95.1899748388097,,"",29.825391003556906,-95.19118616959521,,user
Chewy - HOU1,13250 Crosby Rd,187577,HOU1,Houston,TX,7204,CREW,2026-06-18 01:30,2026-06-18 05:30,Closed,04:00,,"",29.82465793048305,-95.18989106024534,,"",29.825897248051668,-95.18984214592483,,user
Chewy - HOU1,13250 Crosby Rd,187577,HOU1,Houston,TX,3701,CREW,2026-06-18 01:30,2026-06-18 05:30,Closed,04:00,,"",29.82471344759703,-95.18995546042359,,"",29.82490098684925,-95.1902498467424,,user
Chewy - HOU1,13250 Crosby Rd,187577,HOU1,Houston,TX,7085,CREW,2026-06-18 01:30,2026-06-18 05:40,Closed,04:10,,"",29.824634006707267,-95.18990121208643,,"",29.824796589062935,-95.19017781309863,,user
Chewy - HOU1,13250 Crosby Rd,187577,HOU1,Houston,TX,6007,CREW,2026-06-18 01:30,2026-06-18 05:30,Closed,04:00,,"",29.8243908,-95.1893713,,"",29.8247431,-95.1900075,,user
Chewy - HOU1,13250 Crosby Rd,187577,HOU1,Houston,TX,3155,CREW,2026-06-18 01:30,2026-06-18 05:30,Closed,04:00,,"",29.82497469050828,-95.19022075002509,,"",29.824907692220656,-95.19024795700896,,user
Chewy - HOU1,13250 Crosby Rd,187577,HOU1,Houston,TX,480474019,CREW,2026-06-18 01:30,2026-06-18 05:40,Closed,04:10,,"",29.8242905,-95.1892715,,"",29.8246235,-95.1899055,,user
Chewy - HOU1,13250 Crosby Rd,187577,HOU1,Houston,TX,8216,CREW,2026-06-18 01:30,2026-06-18 05:30,Closed,04:00,,"",29.824645399527554,-95.18987845855835,,"",29.824400504012395,-95.18961008860313,,user
Chewy - HOU1,13250 Crosby Rd,187577,HOU1,Houston,TX,8398,CREW,2026-06-18 01:30,2026-06-18 05:30,Closed,04:00,,"",29.8245496,-95.1896203,,"",29.8243694,-95.189723,,user
Chewy - HOU1,13250 Crosby Rd,187577,HOU1,Houston,TX,2712,CREW,2026-06-18 01:31,2026-06-18 05:30,Closed,03:59,,"",29.829256893860205,-95.19031302244407,,"",29.824888429754722,-95.19035540590365,,user
Chewy - HOU1,13250 Crosby Rd,187577,HOU1,Houston,TX,3675,CREW,2026-06-18 05:55,2026-06-18 12:03,Closed,06:08,,"",29.824693670197455,-95.18993035989486,,"",29.824691739817744,-95.18993607390316,,user
Chewy - HOU1,13250 Crosby Rd,187577,HOU1,Houston,TX,6261,CREW,2026-06-18 05:55,2026-06-18 12:00,Closed,06:05,,"",29.824413,-95.1893558,,"",29.8243136,-95.1893628,,user
Chewy - HOU1,13250 Crosby Rd,187577,HOU1,Houston,TX,6320,CREW,2026-06-18 05:55,2026-06-18 13:30,Closed,07:35,,"",29.82466260543812,-95.18990562658612,,"",29.824628126555442,-95.18996397198288,,user
Chewy - HOU1,13250 Crosby Rd,187577,HOU1,Houston,TX,6586,CREW,2026-06-18 05:55,2026-06-18 12:01,Closed,06:06,,"",29.8243581,-95.1896804,,"",29.8242739,-95.1891609,,user
Chewy - HOU1,13250 Crosby Rd,187577,HOU1,Houston,TX,9496,CREW,2026-06-18 05:57,2026-06-18 12:00,Closed,06:03,,"",29.824730251982977,-95.1899599453223,,"",29.824728433954462,-95.18996244784148,,user
Chewy - HOU1,13250 Crosby Rd,187577,HOU1,Houston,TX,6532,CREW,2026-06-18 05:58,2026-06-18 12:00,Closed,06:02,,"",29.8253788,-95.19112879999999,,"",29.8247508,-95.1922962,,user
Chewy - HOU1,13250 Crosby Rd,187577,HOU1,Houston,TX,1009,CREW,2026-06-18 05:58,2026-06-18 12:02,Closed,06:04,,"",29.824678531841077,-95.189923928612,,"",29.824678531841077,-95.189923928612,,user
Chewy - HOU1,13250 Crosby Rd,187577,HOU1,Houston,TX,6067,CREW,2026-06-18 06:00,2026-06-18 12:00,Closed,06:00,,"",29.824646662983806,-95.18989210187654,,"",29.824727243275223,-95.18997037362135,,user
Chewy - HOU1,13250 Crosby Rd,187577,HOU1,Houston,TX,5794,CREW,2026-06-18 06:02,2026-06-18 12:01,Closed,05:59,,"",29.822643,-95.1970925,,"",29.8243206,-95.1893565,,user
Chewy - HOU1,13250 Crosby Rd,187577,HOU1,Houston,TX,2189,CREW,2026-06-18 06:02,2026-06-18 12:00,Closed,05:58,,"",29.822305,-95.1981483,,"",29.8244057,-95.1895443,,user
Chewy - HOU1,13250 Crosby Rd,187577,HOU1,Houston,TX,4156,CREW,2026-06-18 06:03,2026-06-18 12:00,Closed,05:57,,"",29.8250082,-95.1917081,,"",29.8243262,-95.1895269,,user
Chewy - HOU1,13250 Crosby Rd,187577,HOU1,Houston,TX,9318,CREW,2026-06-18 06:03,2026-06-18 12:00,Closed,05:57,,"",29.822600533313512,-95.19705339786715,,"",29.824726035037525,-95.18996829668235,,user
Chewy - HOU1,13250 Crosby Rd,187577,HOU1,Houston,TX,1276,CREW,2026-06-18 06:14,2026-06-18 12:00,Closed,05:46,,"",29.8255881,-95.1906844,,"",29.8244295,-95.1926391,,user
Chewy - HOU1,13250 Crosby Rd,187577,HOU1,Houston,TX,6586,CREW,2026-06-18 12:56,2026-06-18 17:00,Closed,04:04,,"",29.8242302,-95.1894377,,"",29.8251654,-95.189802,,user
Chewy - HOU1,13250 Crosby Rd,187577,HOU1,Houston,TX,4156,CREW,2026-06-18 12:59,2026-06-18 17:03,Closed,04:04,,"",29.8243841,-95.189631,,"",29.8244327,-95.1897286,,user
Chewy - HOU1,13250 Crosby Rd,187577,HOU1,Houston,TX,1009,CREW,2026-06-18 12:59,2026-06-18 17:10,Closed,04:11,,"",29.824678531841077,-95.189923928612,,"",29.818435668945312,-95.20738793210336,,geofence
Chewy - HOU1,13250 Crosby Rd,187577,HOU1,Houston,TX,2189,CREW,2026-06-18 12:59,2026-06-18 17:01,Closed,04:02,,"",29.8243771,-95.1895901,,"",29.8244392,-95.1897236,,user
Chewy - HOU1,13250 Crosby Rd,187577,HOU1,Houston,TX,6067,CREW,2026-06-18 13:00,2026-06-18 17:00,Closed,04:00,,"",29.824677682548476,-95.18994155345871,,"",29.824655660553727,-95.18990047530586,,user
Chewy - HOU1,13250 Crosby Rd,187577,HOU1,Houston,TX,6532,CREW,2026-06-18 13:00,2026-06-18 17:01,Closed,04:01,,"",29.825104899999996,-95.1905035,,"",29.825105100000005,-95.19050379999999,,user
Chewy - HOU1,13250 Crosby Rd,187577,HOU1,Houston,TX,3675,CREW,2026-06-18 13:00,2026-06-18 16:09,Closed,03:09,,"",29.82469769781121,-95.18993528475926,,"",29.824700798170927,-95.18994130239685,,user
Chewy - HOU1,13250 Crosby Rd,187577,HOU1,Houston,TX,1276,CREW,2026-06-18 13:00,2026-06-18 17:00,Closed,04:00,,"",29.8250914,-95.1903544,,"",29.8251015,-95.1903352,,user
Chewy - HOU1,13250 Crosby Rd,187577,HOU1,Houston,TX,5794,CREW,2026-06-18 13:00,2026-06-18 17:01,Closed,04:01,,"",29.8242278,-95.1894755,,"",29.8244715,-95.1895506,,user
Chewy - HOU1,13250 Crosby Rd,187577,HOU1,Houston,TX,9318,CREW,2026-06-18 13:00,2026-06-18 17:00,Closed,04:00,,"",29.824729646065585,-95.18997367614575,,"",29.824722461013497,-95.1900083979172,,user
Chewy - HOU1,13250 Crosby Rd,187577,HOU1,Houston,TX,6261,CREW,2026-06-18 13:01,2026-06-18 17:01,Closed,04:00,,"",29.8245482,-95.189863,,"",29.8251029,-95.1897697,,user
Chewy - HOU1,13250 Crosby Rd,187577,HOU1,Houston,TX,9496,CREW,2026-06-18 13:01,2026-06-18 17:02,Closed,04:01,,"",29.824728377648555,-95.18996324478492,,"",29.824716434477534,-95.18997496003298,,user
Chewy - HOU1,13250 Crosby Rd,187577,HOU1,Houston,TX,6320,CREW,2026-06-18 14:30,2026-06-18 17:01,Closed,02:31,,"",29.824698927675282,-95.18996073937944,,"",29.824651805290323,-95.18990888168045,,user
Chewy - HOU1,13250 Crosby Rd,187577,HOU1,Houston,TX,2932,CREW,2026-06-19 05:52,2026-06-19 13:00,Closed,07:08,,"",29.822526901119392,-95.19723775147258,,"",29.824657859451992,-95.18991286025314,,user
Chewy - HOU1,13250 Crosby Rd,187577,HOU1,Houston,TX,1703,CREW,2026-06-19 05:52,2026-06-19 12:00,Closed,06:08,,"",29.82294628171909,-95.19630596860016,,"",29.82464731378352,-95.18991016367946,,user
Chewy - HOU1,13250 Crosby Rd,187577,HOU1,Houston,TX,7545,CREW,2026-06-19 06:00,2026-06-19 12:00,Closed,06:00,,"",,,,"",,,,
Chewy - HOU1,13250 Crosby Rd,187577,HOU1,Houston,TX,1485,CREW,2026-06-19 06:00,2026-06-19 12:00,Closed,06:00,,"",29.8244126,-95.1897395,,"",29.8243132,-95.1894924,,user
Chewy - HOU1,13250 Crosby Rd,187577,HOU1,Houston,TX,8251,CREW,2026-06-19 06:00,2026-06-19 12:00,Closed,06:00,,"",29.825494268842117,-95.19086648089525,,"",29.824680679711182,-95.18993031402158,,user
Chewy - HOU1,13250 Crosby Rd,187577,HOU1,Houston,TX,9087,CREW,2026-06-19 06:02,2026-06-19 13:00,Closed,06:58,,"",29.82480549721962,-95.18988635399862,,"",29.824152863502512,-95.1903968336241,,user
Chewy - HOU1,13250 Crosby Rd,187577,HOU1,Houston,TX,3334,CREW,2026-06-19 06:02,2026-06-19 12:00,Closed,05:58,,"",29.824705891650794,-95.18995508751314,,"",29.82470930345386,-95.1899478732147,,user
Chewy - HOU1,13250 Crosby Rd,187577,HOU1,Houston,TX,9096,CREW,2026-06-19 06:04,2026-06-19 12:00,Closed,05:56,,"",29.824875630216432,-95.18981908848876,,"",29.824580445621482,-95.18982258495753,,user
Chewy - HOU1,13250 Crosby Rd,187577,HOU1,Houston,TX,2003,CREW,2026-06-19 06:15,2026-06-19 12:00,Closed,05:45,,"",29.824744836130563,-95.18996589249733,,"",29.824627092932637,-95.18982443482875,,user
Chewy - HOU1,13250 Crosby Rd,187577,HOU1,Houston,TX,1308,CREW,2026-06-19 06:15,2026-06-19 12:00,Closed,05:45,,"",29.8247732,-95.1900178,,"",29.8244582,-95.1894756,,user
Chewy - HOU1,13250 Crosby Rd,187577,HOU1,Houston,TX,7545,CREW,2026-06-19 13:00,2026-06-19 19:00,Closed,06:00,,"",,,,"",,,,
Chewy - HOU1,13250 Crosby Rd,187577,HOU1,Houston,TX,1308,CREW,2026-06-19 13:00,2026-06-19 19:00,Closed,06:00,,"",29.8244077,-95.1894119,,"",29.8243398,-95.1895124,,user
Chewy - HOU1,13250 Crosby Rd,187577,HOU1,Houston,TX,1703,CREW,2026-06-19 13:00,2026-06-19 19:03,Closed,06:03,,"",29.824655348952465,-95.18995000223927,,"",29.824636376671826,-95.18992634921261,,user
Chewy - HOU1,13250 Crosby Rd,187577,HOU1,Houston,TX,1485,PORTER-MAID,2026-06-19 13:00,2026-06-19 19:00,Closed,06:00,,"",29.8243023,-95.1895166,,"",29.8243442,-95.1896379,,user
Chewy - HOU1,13250 Crosby Rd,187577,HOU1,Houston,TX,2003,CREW,2026-06-19 13:00,2026-06-19 19:00,Closed,06:00,,"",29.824645964578668,-95.18985759052343,,"",29.82463442678368,-95.18986459664094,,user
Chewy - HOU1,13250 Crosby Rd,187577,HOU1,Houston,TX,3334,CREW,2026-06-19 13:00,2026-06-19 19:00,Closed,06:00,,"",29.824705836584293,-95.18994006787119,,"",29.824706927538053,-95.18993912733829,,user
Chewy - HOU1,13250 Crosby Rd,187577,HOU1,Houston,TX,8251,CREW,2026-06-19 13:00,2026-06-19 19:03,Closed,06:03,,"",29.824680679711182,-95.18993031402158,,"",29.824680679711182,-95.18993031402158,,user
Chewy - HOU1,13250 Crosby Rd,187577,HOU1,Houston,TX,9096,CREW,2026-06-19 13:00,2026-06-19 19:06,Closed,06:06,,"",29.82464310399773,-95.1898805760115,,"",29.824595726320414,-95.18993765793708,,user
Chewy - HOU1,13250 Crosby Rd,187577,HOU1,Houston,TX,9087,CREW,2026-06-19 13:59,2026-06-19 19:00,Closed,05:01,,"",29.824752341465118,-95.18999963031816,,"",29.824717340927787,-95.18994444278599,,user
Chewy - HOU1,13250 Crosby Rd,187577,HOU1,Houston,TX,2932,CREW,2026-06-19 14:12,2026-06-19 19:00,Closed,04:48,,"",29.824637865187142,-95.1898878128889,,"",,,,
Chewy - HOU1,13250 Crosby Rd,187577,HOU1,Houston,TX,9096,CREW,2026-06-20 05:59,2026-06-20 12:09,Closed,06:10,,"",29.824589310098673,-95.18983224389692,,"",29.824608010937546,-95.18985545760472,,user
Chewy - HOU1,13250 Crosby Rd,187577,HOU1,Houston,TX,1308,CREW,2026-06-20 06:00,2026-06-20 12:00,Closed,06:00,,"",29.8243382,-95.1896127,,"",29.8243527,-95.1895791,,user
Chewy - HOU1,13250 Crosby Rd,187577,HOU1,Houston,TX,3334,CREW,2026-06-20 06:00,2026-06-20 12:00,Closed,06:00,,"",29.824711375646356,-95.18994699911704,,"",29.82470599981889,-95.18994197738883,,user
Chewy - HOU1,13250 Crosby Rd,187577,HOU1,Houston,TX,1485,PORTER-MAID,2026-06-20 06:00,2026-06-20 11:59,Closed,05:59,,"",29.8242708,-95.189641,,"",29.8241452,-95.1896023,,user
Chewy - HOU1,13250 Crosby Rd,187577,HOU1,Houston,TX,7545,PORTER-MAID,2026-06-20 06:00,2026-06-20 12:01,Closed,06:01,,"",29.8242929,-95.1895703,,"",29.8240799,-95.1893936,,user
Chewy - HOU1,13250 Crosby Rd,187577,HOU1,Houston,TX,9087,CREW,2026-06-20 06:01,2026-06-20 12:12,Closed,06:11,,"",29.825736464182057,-95.18853866232695,,"",29.824696001023174,-95.18995366701498,,user
Chewy - HOU1,13250 Crosby Rd,187577,HOU1,Houston,TX,1703,CREW,2026-06-20 06:02,2026-06-20 12:00,Closed,05:58,,"",29.822958137468266,-95.19636443412966,,"",29.82467765286118,-95.18991165001454,,user
Chewy - HOU1,13250 Crosby Rd,187577,HOU1,Houston,TX,2932,CREW,2026-06-20 06:03,2026-06-20 12:09,Closed,06:06,,"",29.82327206160986,-95.1953482831399,,"",29.824635236385404,-95.18989038834496,,user
Chewy - HOU1,13250 Crosby Rd,187577,HOU1,Houston,TX,8251,CREW,2026-06-20 07:00,2026-06-20 12:00,Closed,05:00,,"",29.82487552050954,-95.18981751525708,,"",29.824701044733327,-95.18991889700804,,user
Chewy - HOU1,13250 Crosby Rd,187577,HOU1,Houston,TX,1485,PORTER-MAID,2026-06-20 12:59,2026-06-20 19:00,Closed,06:01,,"",29.8242962,-95.1896409,,"",29.8243878,-95.1896129,,user
Chewy - HOU1,13250 Crosby Rd,187577,HOU1,Houston,TX,1703,CREW,2026-06-20 13:00,2026-06-20 19:00,Closed,06:00,,"",29.824638655711908,-95.1898699988298,,"",29.824664630683106,-95.18989436459499,,user
Chewy - HOU1,13250 Crosby Rd,187577,HOU1,Houston,TX,9096,CREW,2026-06-20 13:00,2026-06-20 19:01,Closed,06:01,,"",29.824658518310105,-95.18988309829739,,"",29.824627188423424,-95.18987904411638,,user
Chewy - HOU1,13250 Crosby Rd,187577,HOU1,Houston,TX,1308,CREW,2026-06-20 13:00,2026-06-20 19:00,Closed,06:00,,"",29.8242944,-95.1894073,,"",29.8243997,-95.1899053,,user
Chewy - HOU1,13250 Crosby Rd,187577,HOU1,Houston,TX,3334,CREW,2026-06-20 13:00,2026-06-20 19:00,Closed,06:00,,"",29.82470452312511,-95.18994120061333,,"",29.824708558541946,-95.18993253461383,,user
Chewy - HOU1,13250 Crosby Rd,187577,HOU1,Houston,TX,8251,CREW,2026-06-20 13:00,2026-06-20 19:00,Closed,06:00,,"",29.82464825531501,-95.1898586495406,,"",29.824727476105764,-95.19001030472342,,user
Chewy - HOU1,13250 Crosby Rd,187577,HOU1,Houston,TX,7545,PORTER-MAID,2026-06-20 13:00,2026-06-20 19:01,Closed,06:01,,"",29.824525,-95.1894651,,"",29.8241479,-95.1894632,,user
Chewy - HOU1,13250 Crosby Rd,187577,HOU1,Houston,TX,9087,CREW,2026-06-21 05:58,2026-06-21 12:06,Closed,06:08,,"",29.826113535119056,-95.1888029930137,,"",29.82472196575287,-95.18996239823788,,user
Chewy - HOU1,13250 Crosby Rd,187577,HOU1,Houston,TX,2932,CREW,2026-06-21 05:58,2026-06-21 11:57,Closed,05:59,,"",29.823000997520754,-95.19616796245698,,"",29.82464592582656,-95.1899547340373,,user
Chewy - HOU1,13250 Crosby Rd,187577,HOU1,Houston,TX,1703,CREW,2026-06-21 05:58,2026-06-21 12:00,Closed,06:02,,"",29.823225128318445,-95.19540749640858,,"",29.824894941950554,-95.19031919317567,,user
Chewy - HOU1,13250 Crosby Rd,187577,HOU1,Houston,TX,8251,CREW,2026-06-21 05:59,2026-06-21 12:01,Closed,06:02,,"",29.823366538355938,-95.19502101345378,,"",29.824952348323258,-95.19028978335342,,user
Chewy - HOU1,13250 Crosby Rd,187577,HOU1,Houston,TX,9096,CREW,2026-06-21 06:00,2026-06-21 13:00,Closed,07:00,,"",29.824626093819962,-95.18986762155555,,"",29.824721837710847,-95.18995078355096,,user
Chewy - HOU1,13250 Crosby Rd,187577,HOU1,Houston,TX,1308,CREW,2026-06-21 06:00,2026-06-21 12:00,Closed,06:00,,"",29.824429,-95.1896642,,"",29.8242346,-95.1894473,,user
Chewy - HOU1,13250 Crosby Rd,187577,HOU1,Houston,TX,3334,CREW,2026-06-21 06:00,2026-06-21 12:01,Closed,06:01,,"",29.824707314740873,-95.189932918707,,"",29.82464432084556,-95.18986011835091,,user
Chewy - HOU1,13250 Crosby Rd,187577,HOU1,Houston,TX,7545,PORTER-MAID,2026-06-21 06:01,2026-06-21 12:00,Closed,05:59,,"",29.8243225,-95.1895709,,"",29.8242672,-95.1894262,,user
Chewy - HOU1,13250 Crosby Rd,187577,HOU1,Houston,TX,1485,CREW,2026-06-21 08:36,2026-06-21 12:00,Closed,03:24,,"",29.8243402,-95.1895944,,"",29.8241655,-95.1895642,,user
Chewy - HOU1,13250 Crosby Rd,187577,HOU1,Houston,TX,5586,CREW,2026-06-21 09:11,2026-06-21 12:06,Closed,02:55,,"",29.82466815399539,-95.18995077966234,,"",29.824709640509088,-95.18995813792117,,user
Chewy - HOU1,13250 Crosby Rd,187577,HOU1,Houston,TX,2932,CREW,2026-06-21 12:59,2026-06-21 19:00,Closed,06:01,,"",29.822603136073674,-95.197129976056,,"",29.82482938032755,-95.18970263367504,,user
Chewy - HOU1,13250 Crosby Rd,187577,HOU1,Houston,TX,1703,CREW,2026-06-21 12:59,2026-06-21 19:00,Closed,06:01,,"",29.82272922891794,-95.1969205626553,,"",29.824826172495037,-95.18970278240174,,user
Chewy - HOU1,13250 Crosby Rd,187577,HOU1,Houston,TX,8251,CREW,2026-06-21 12:59,2026-06-21 19:00,Closed,06:01,,"",29.822927418094444,-95.19647545220225,,"",29.824936511965355,-95.19024845816988,,user
Chewy - HOU1,13250 Crosby Rd,187577,HOU1,Houston,TX,5586,CREW,2026-06-21 12:59,2026-06-21 18:58,Closed,05:59,,"",29.82465915152554,-95.18992394810236,,"",29.82472302622219,-95.18996761646518,,user
Chewy - HOU1,13250 Crosby Rd,187577,HOU1,Houston,TX,9087,CREW,2026-06-21 13:00,2026-06-21 19:02,Closed,06:02,,"",29.82472028378873,-95.18996247303089,,"",29.82472486997891,-95.1900411267588,,user
Chewy - HOU1,13250 Crosby Rd,187577,HOU1,Houston,TX,1485,PORTER-MAID,2026-06-21 13:00,2026-06-21 18:58,Closed,05:58,,"",29.8242462,-95.1894959,,"",29.8241348,-95.1893986,,user
Chewy - HOU1,13250 Crosby Rd,187577,HOU1,Houston,TX,3334,CREW,2026-06-21 13:00,2026-06-21 19:04,Closed,06:04,,"",29.824705455029925,-95.18994227313905,,"",29.82866636459436,-95.18322151394295,,user
Chewy - HOU1,13250 Crosby Rd,187577,HOU1,Houston,TX,1308,CREW,2026-06-21 13:00,2026-06-21 18:59,Closed,05:59,,"",29.8242706,-95.1895086,,"",29.8268276,-95.1903008,,user
Chewy - HOU1,13250 Crosby Rd,187577,HOU1,Houston,TX,7545,PORTER-MAID,2026-06-21 13:01,2026-06-21 19:00,Closed,05:59,,"",29.8243332,-95.1896405,,"",29.8242842,-95.1895241,,user
Chewy - HOU1,13250 Crosby Rd,187577,HOU1,Houston,TX,9096,CREW,2026-06-21 13:01,2026-06-21 19:00,Closed,05:59,,"",29.82467631586279,-95.18993848557398,,"",29.82488240337592,-95.19011570506989,,user
Chewy - HOU1,13250 Crosby Rd,187577,HOU1,Houston,TX,8216,CREW,2026-06-21 18:26,2026-06-22 00:30,Closed,06:04,,"",29.824557984604574,-95.1897508897089,,"",29.824678922991875,-95.18991615654487,,user
Chewy - HOU1,13250 Crosby Rd,187577,HOU1,Houston,TX,7204,CREW,2026-06-21 18:28,2026-06-22 00:30,Closed,06:02,,"",29.824699277120505,-95.18992907000373,,"",29.8246849428241,-95.18991777808532,,user
Chewy - HOU1,13250 Crosby Rd,187577,HOU1,Houston,TX,480474019,CREW,2026-06-21 18:29,2026-06-22 00:30,Closed,06:01,,"",29.8243403,-95.1894911,,"",29.8243622,-95.189432,,user
Chewy - HOU1,13250 Crosby Rd,187577,HOU1,Houston,TX,7085,CREW,2026-06-21 18:30,2026-06-22 00:34,Closed,06:04,,"",29.824651646763126,-95.18995037268161,,"",29.824667397058267,-95.18990272750784,,user
Chewy - HOU1,13250 Crosby Rd,187577,HOU1,Houston,TX,2712,CREW,2026-06-21 18:30,2026-06-22 00:34,Closed,06:04,,"",29.824823965163354,-95.18983353889126,,"",29.828943641067443,-95.19593693576387,,user
Chewy - HOU1,13250 Crosby Rd,187577,HOU1,Houston,TX,6007,CREW,2026-06-21 18:31,2026-06-22 00:31,Closed,06:00,,"",29.8242642,-95.1892784,,"",29.8243813,-95.1896021,,user
Chewy - HOU1,13250 Crosby Rd,187577,HOU1,Houston,TX,3701,CREW,2026-06-21 18:33,2026-06-22 00:33,Closed,06:00,,"",29.82278301139313,-95.19675035476466,,"",29.825475183200496,-95.19038241118423,,user
Chewy - HOU1,13250 Crosby Rd,187577,HOU1,Houston,TX,3155,CREW,2026-06-21 18:33,2026-06-22 00:30,Closed,05:57,,"",29.822779826640605,-95.19674489083201,,"",29.824898041610734,-95.19014412999016,,user
Chewy - HOU1,13250 Crosby Rd,187577,HOU1,Houston,TX,8398,CREW,2026-06-21 18:37,2026-06-22 00:30,Closed,05:53,,"",29.824429,-95.189699,,"",29.8245871,-95.1900123,,user
Chewy - HOU1,13250 Crosby Rd,187577,HOU1,Houston,TX,0000,CREW,2026-06-21 18:40,2026-06-22 00:30,Closed,05:50,,"",29.823117884647633,-95.19587602605753,,"",29.825491484953563,-95.19039441648408,,user
Chewy - HOU1,13250 Crosby Rd,187577,HOU1,Houston,TX,6007,CREW,2026-06-22 01:28,2026-06-22 05:32,Closed,04:04,,"",29.8244314,-95.1896325,,"",29.8243488,-95.1895711,,user
Chewy - HOU1,13250 Crosby Rd,187577,HOU1,Houston,TX,7204,CREW,2026-06-22 01:29,2026-06-22 05:32,Closed,04:03,,"",29.82464514475241,-95.1898795457395,,"",29.82469507480954,-95.18996242948187,,user
Chewy - HOU1,13250 Crosby Rd,187577,HOU1,Houston,TX,8216,CREW,2026-06-22 01:30,2026-06-22 05:30,Closed,04:00,,"",29.824650359935248,-95.18990531867632,,"",29.824791430790167,-95.18948577944887,,user
Chewy - HOU1,13250 Crosby Rd,187577,HOU1,Houston,TX,7085,CREW,2026-06-22 01:30,2026-06-22 05:30,Closed,04:00,,"",29.824629261984388,-95.18990922716783,,"",29.824705222194,-95.18996552837247,,user
Chewy - HOU1,13250 Crosby Rd,187577,HOU1,Houston,TX,0000,CREW,2026-06-22 01:30,2026-06-22 05:30,Closed,04:00,,"",29.82548239890794,-95.19038070519974,,"",29.824172101129054,-95.19201301360445,,user
Chewy - HOU1,13250 Crosby Rd,187577,HOU1,Houston,TX,8398,CREW,2026-06-22 01:30,2026-06-22 05:30,Closed,04:00,,"",29.8245456,-95.1899676,,"",29.8244355,-95.1896649,,user
Chewy - HOU1,13250 Crosby Rd,187577,HOU1,Houston,TX,2712,CREW,2026-06-22 01:30,2026-06-22 05:30,Closed,04:00,,"",29.826937572050166,-95.1918013156005,,"",29.825281224645792,-95.19068663881606,,user
Chewy - HOU1,13250 Crosby Rd,187577,HOU1,Houston,TX,480474019,CREW,2026-06-22 01:30,2026-06-22 05:30,Closed,04:00,,"",29.8243707,-95.1895461,,"",29.8244843,-95.1895872,,user
Chewy - HOU1,13250 Crosby Rd,187577,HOU1,Houston,TX,3155,CREW,2026-06-22 01:32,2026-06-22 05:33,Closed,04:01,,"",29.82542977603717,-95.1904289078759,,"",29.825431457748472,-95.1904003323011,,user
Chewy - HOU1,13250 Crosby Rd,187577,HOU1,Houston,TX,3701,CREW,2026-06-22 01:33,2026-06-22 05:33,Closed,04:00,,"",29.82542870866651,-95.1902596010943,,"",29.825194747207036,-95.19075571212849,,user
Chewy - HOU1,13250 Crosby Rd,187577,HOU1,Houston,TX,3675,CREW,2026-06-22 05:55,2026-06-22 12:00,Closed,06:05,,"",29.82470535543058,-95.189944853693,,"",29.82472937701427,-95.18997361535708,,user
Chewy - HOU1,13250 Crosby Rd,187577,HOU1,Houston,TX,0957,CREW,2026-06-22 05:55,2026-06-22 12:00,Closed,06:05,,"",29.824723451502766,-95.18995320918643,,"",29.824733405503466,-95.18997687134751,,user
Chewy - HOU1,13250 Crosby Rd,187577,HOU1,Houston,TX,6261,CREW,2026-06-22 05:56,2026-06-22 12:00,Closed,06:04,,"",29.8243993,-95.1895342,,"",29.8243565,-95.1895395,,user
Chewy - HOU1,13250 Crosby Rd,187577,HOU1,Houston,TX,6320,CREW,2026-06-22 05:56,2026-06-22 13:56,Closed,08:00,,"",29.82453905704536,-95.1899475766673,,"",29.824571648943092,-95.18990071847546,,user
Chewy - HOU1,13250 Crosby Rd,187577,HOU1,Houston,TX,1276,CREW,2026-06-22 05:59,2026-06-22 12:00,Closed,06:01,,"",29.8248343,-95.189856,,"",29.8257441,-95.1903423,,user
Chewy - HOU1,13250 Crosby Rd,187577,HOU1,Houston,TX,1009,CREW,2026-06-22 05:59,2026-06-22 12:00,Closed,06:01,,"",29.824677904316886,-95.1899237698571,,"",29.824677904316886,-95.1899237698571,,user
Chewy - HOU1,13250 Crosby Rd,187577,HOU1,Houston,TX,6532,CREW,2026-06-22 05:59,2026-06-22 12:00,Closed,06:01,,"",29.825654999999998,-95.18840949999999,,"",29.824723513075206,-95.18995633442951,,user
Chewy - HOU1,13250 Crosby Rd,187577,HOU1,Houston,TX,6067,CREW,2026-06-22 06:00,2026-06-22 12:00,Closed,06:00,,"",29.824645134648698,-95.1899274674242,,"",29.82456872313039,-95.18977437019298,,user
Chewy - HOU1,13250 Crosby Rd,187577,HOU1,Houston,TX,6586,CREW,2026-06-22 06:01,2026-06-22 12:00,Closed,05:59,,"",29.8243191,-95.1896345,,"",29.8243079,-95.1894609,,user
Chewy - HOU1,13250 Crosby Rd,187577,HOU1,Houston,TX,2189,CREW,2026-06-22 06:05,2026-06-22 12:01,Closed,05:56,,"",29.82306,-95.19608,,"",29.8244112,-95.1896018,,user
Chewy - HOU1,13250 Crosby Rd,187577,HOU1,Houston,TX,5794,CREW,2026-06-22 06:05,2026-06-22 12:00,Closed,05:55,,"",29.8247869,-95.192316,,"",29.8243206,-95.1894659,,user
Chewy - HOU1,13250 Crosby Rd,187577,HOU1,Houston,TX,4156,CREW,2026-06-22 06:05,2026-06-22 12:01,Closed,05:56,,"",29.825007,-95.191715,,"",29.8243341,-95.1896069,,user
Chewy - HOU1,13250 Crosby Rd,187577,HOU1,Houston,TX,9318,CREW,2026-06-22 06:15,2026-06-22 12:00,Closed,05:45,,"",29.822687164730855,-95.19686211555427,,"",29.824729854668455,-95.18997284007239,,user
Chewy - HOU1,13250 Crosby Rd,187577,HOU1,Houston,TX,9496,CREW,2026-06-22 06:15,2026-06-22 12:00,Closed,05:45,,"",29.82278305130464,-95.19668339655773,,"",29.82471727306624,-95.18997526730712,,user
Chewy - HOU1,13250 Crosby Rd,187577,HOU1,Houston,TX,6586,CREW,2026-06-22 12:56,2026-06-22 17:00,Closed,04:04,,"",29.8244113,-95.1895619,,"",29.8251593,-95.1898002,,user
Chewy - HOU1,13250 Crosby Rd,187577,HOU1,Houston,TX,1276,CREW,2026-06-22 12:59,2026-06-22 17:00,Closed,04:01,,"",29.8250925,-95.190554,,"",29.8250948,-95.1905548,,user
Chewy - HOU1,13250 Crosby Rd,187577,HOU1,Houston,TX,6067,CREW,2026-06-22 13:00,2026-06-22 17:00,Closed,04:00,,"",29.824696533981243,-95.18996312248241,,"",29.82465584584634,-95.18990696885812,,user
Chewy - HOU1,13250 Crosby Rd,187577,HOU1,Houston,TX,1009,CREW,2026-06-22 13:00,2026-06-22 17:03,Closed,04:03,,"",29.824677904316886,-95.1899237698571,,"",29.824677904316886,-95.1899237698571,,user
Chewy - HOU1,13250 Crosby Rd,187577,HOU1,Houston,TX,0957,CREW,2026-06-22 13:00,2026-06-22 17:00,Closed,04:00,,"",29.82470855590627,-95.1899553392433,,"",29.82524900093979,-95.18986556605624,,user
Chewy - HOU1,13250 Crosby Rd,187577,HOU1,Houston,TX,9496,CREW,2026-06-22 13:00,2026-06-22 17:00,Closed,04:00,,"",29.824733743913402,-95.18999901293043,,"",29.824726304354517,-95.1899605307336,,user
Chewy - HOU1,13250 Crosby Rd,187577,HOU1,Houston,TX,6261,CREW,2026-06-22 13:00,2026-06-22 17:01,Closed,04:01,,"",29.8244346,-95.18964,,"",29.8244715,-95.1896764,,user
Chewy - HOU1,13250 Crosby Rd,187577,HOU1,Houston,TX,2189,CREW,2026-06-22 13:00,2026-06-22 17:01,Closed,04:01,,"",29.8244756,-95.1895196,,"",29.825131,-95.1900783,,user
Chewy - HOU1,13250 Crosby Rd,187577,HOU1,Houston,TX,5794,CREW,2026-06-22 13:00,2026-06-22 17:02,Closed,04:02,,"",29.8243354,-95.1895733,,"",29.8243406,-95.1895315,,user
Chewy - HOU1,13250 Crosby Rd,187577,HOU1,Houston,TX,4156,CREW,2026-06-22 13:00,2026-06-22 17:01,Closed,04:01,,"",29.8244163,-95.1895617,,"",29.825017,-95.1901665,,user
Chewy - HOU1,13250 Crosby Rd,187577,HOU1,Houston,TX,3675,CREW,2026-06-22 13:00,2026-06-22 17:00,Closed,04:00,,"",29.82473136442515,-95.1899749545524,,"",29.825047173200975,-95.19036130062304,,user
Chewy - HOU1,13250 Crosby Rd,187577,HOU1,Houston,TX,6532,CREW,2026-06-22 13:00,2026-06-22 17:00,Closed,04:00,,"",29.824635625821667,-95.18988207175047,,"",29.8251157,-95.19037840000001,,user
Chewy - HOU1,13250 Crosby Rd,187577,HOU1,Houston,TX,9318,CREW,2026-06-22 13:00,2026-06-22 17:00,Closed,04:00,,"",29.824729854668455,-95.18997284007239,,"",29.824759762346698,-95.19001294137065,,user
Chewy - HOU1,13250 Crosby Rd,187577,HOU1,Houston,TX,6320,CREW,2026-06-22 14:46,2026-06-22 17:00,Closed,02:14,,"",29.824674745610498,-95.18992752490088,,"",29.82516874714688,-95.18987614509476,,user
Chewy - HOU1,13250 Crosby Rd,187577,HOU1,Houston,TX,8216,CREW,2026-06-22 18:27,2026-06-23 00:30,Closed,06:03,,"",29.82466753883182,-95.18994078170405,,"",29.824671581173614,-95.18991041363456,,user
Chewy - HOU1,13250 Crosby Rd,187577,HOU1,Houston,TX,0000,CREW,2026-06-22 18:27,2026-06-23 00:30,Closed,06:03,,"",29.824721732105186,-95.18994510466877,,"",29.824723950016416,-95.1899723712516,,user
Chewy - HOU1,13250 Crosby Rd,187577,HOU1,Houston,TX,7085,CREW,2026-06-22 18:28,2026-06-23 00:30,Closed,06:02,,"",29.824662092842757,-95.18994673454289,,"",29.824697706356087,-95.18994015260394,,user
Chewy - HOU1,13250 Crosby Rd,187577,HOU1,Houston,TX,480474019,CREW,2026-06-22 18:28,2026-06-23 00:30,Closed,06:02,,"",29.8243253,-95.189598,,"",29.8243137,-95.1895389,,user
Chewy - HOU1,13250 Crosby Rd,187577,HOU1,Houston,TX,2712,CREW,2026-06-22 18:28,2026-06-23 00:31,Closed,06:03,,"",29.824842179276654,-95.18981328221443,,"",29.82765880219107,-95.19222534073393,,user
Chewy - HOU1,13250 Crosby Rd,187577,HOU1,Houston,TX,7204,CREW,2026-06-22 18:29,2026-06-23 00:30,Closed,06:01,,"",29.824701662393604,-95.18993158573781,,"",29.824648766651634,-95.1899013002861,,user
Chewy - HOU1,13250 Crosby Rd,187577,HOU1,Houston,TX,6007,CREW,2026-06-22 18:29,2026-06-23 00:30,Closed,06:01,,"",29.8245203,-95.1896482,,"",29.8242983,-95.189422,,user
Chewy - HOU1,13250 Crosby Rd,187577,HOU1,Houston,TX,8398,CREW,2026-06-22 18:30,2026-06-23 00:30,Closed,06:00,,"",29.824354,-95.1894587,,"",29.8242928,-95.189491,,user
Chewy - HOU1,13250 Crosby Rd,187577,HOU1,Houston,TX,3155,CREW,2026-06-22 18:30,2026-06-23 00:30,Closed,06:00,,"",29.82463960203404,-95.18988183698667,,"",29.82465077419584,-95.18989662351146,,user
Chewy - HOU1,13250 Crosby Rd,187577,HOU1,Houston,TX,3701,CREW,2026-06-22 18:30,2026-06-23 00:31,Closed,06:01,,"",29.824711045767415,-95.18996157656984,,"",29.824720519195097,-95.18994996800049,,user
Chewy - HOU1,13250 Crosby Rd,187577,HOU1,Houston,TX,6007,CREW,2026-06-23 01:29,2026-06-23 05:30,Closed,04:01,,"",29.824247,-95.1893072,,"",29.8243532,-95.189412,,user
Chewy - HOU1,13250 Crosby Rd,187577,HOU1,Houston,TX,7204,CREW,2026-06-23 01:29,2026-06-23 05:31,Closed,04:02,,"",29.8246525740586,-95.18989926126802,,"",29.824627682063745,-95.189879185928,,user
Chewy - HOU1,13250 Crosby Rd,187577,HOU1,Houston,TX,0000,CREW,2026-06-23 01:29,2026-06-23 05:30,Closed,04:01,,"",29.824729879055692,-95.1900021739317,,"",29.825178987158388,-95.18990677547269,,user
Chewy - HOU1,13250 Crosby Rd,187577,HOU1,Houston,TX,3701,CREW,2026-06-23 01:30,2026-06-23 05:30,Closed,04:00,,"",29.82472034789932,-95.18994985712499,,"",29.824941447147477,-95.19029290859778,,user
Chewy - HOU1,13250 Crosby Rd,187577,HOU1,Houston,TX,8216,CREW,2026-06-23 01:30,2026-06-23 05:30,Closed,04:00,,"",29.82460844146325,-95.18984196004274,,"",29.82470365260079,-95.18996862024741,,user
Chewy - HOU1,13250 Crosby Rd,187577,HOU1,Houston,TX,3155,CREW,2026-06-23 01:30,2026-06-23 05:30,Closed,04:00,,"",29.824609138039076,-95.18987941389337,,"",29.824937303667358,-95.19030935673153,,user
Chewy - HOU1,13250 Crosby Rd,187577,HOU1,Houston,TX,480474019,CREW,2026-06-23 01:30,2026-06-23 05:30,Closed,04:00,,"",29.8242367,-95.1893404,,"",29.8247695,-95.1900663,,user
Chewy - HOU1,13250 Crosby Rd,187577,HOU1,Houston,TX,8398,CREW,2026-06-23 01:30,2026-06-23 05:30,Closed,04:00,,"",29.8243599,-95.1896872,,"",29.8244905,-95.1897604,,user
Chewy - HOU1,13250 Crosby Rd,187577,HOU1,Houston,TX,7085,CREW,2026-06-23 01:30,2026-06-23 05:30,Closed,04:00,,"",29.82463443125057,-95.18992024811286,,"",29.824757983657037,-95.19017904404885,,user
Chewy - HOU1,13250 Crosby Rd,187577,HOU1,Houston,TX,2712,CREW,2026-06-23 01:30,2026-06-23 05:30,Closed,04:00,,"",29.824694813677617,-95.18997100925611,,"",29.825123579093717,-95.18988128010369,,user
Chewy - HOU1,13250 Crosby Rd,187577,HOU1,Houston,TX,3675,CREW,2026-06-23 05:55,2026-06-23 12:00,Closed,06:05,,"",29.824731031085083,-95.18997490387211,,"",29.824729566991117,-95.18997480052329,,user
Chewy - HOU1,13250 Crosby Rd,187577,HOU1,Houston,TX,0957,CREW,2026-06-23 05:55,2026-06-23 12:00,Closed,06:05,,"",29.82477424330767,-95.19001915880477,,"",29.82472374519406,-95.18996978035868,,user
Chewy - HOU1,13250 Crosby Rd,187577,HOU1,Houston,TX,6586,CREW,2026-06-23 05:55,2026-06-23 12:00,Closed,06:05,,"",29.8251549,-95.1898138,,"",29.824391,-95.1895962,,user
Chewy - HOU1,13250 Crosby Rd,187577,HOU1,Houston,TX,6320,CREW,2026-06-23 05:55,2026-06-23 13:30,Closed,07:35,,"",29.82462681929761,-95.18992348010079,,"",29.82470947465285,-95.18997871620701,,user
Chewy - HOU1,13250 Crosby Rd,187577,HOU1,Houston,TX,6261,CREW,2026-06-23 05:55,2026-06-23 12:02,Closed,06:07,,"",29.8242153,-95.1894354,,"",29.8242316,-95.1894148,,user
Chewy - HOU1,13250 Crosby Rd,187577,HOU1,Houston,TX,6532,CREW,2026-06-23 05:59,2026-06-23 12:01,Closed,06:02,,"",29.825101899999996,-95.19036820000002,,"",29.824707678464037,-95.18995359166708,,user
Chewy - HOU1,13250 Crosby Rd,187577,HOU1,Houston,TX,1009,CREW,2026-06-23 05:59,2026-06-23 12:07,Closed,06:08,,"",29.824677904316886,-95.1899237698571,,"",29.824677904316886,-95.1899237698571,,user
Chewy - HOU1,13250 Crosby Rd,187577,HOU1,Houston,TX,6067,CREW,2026-06-23 06:00,2026-06-23 12:00,Closed,06:00,,"",29.824641610180766,-95.18994398021191,,"",29.824982390766984,-95.18998356099692,,user
Chewy - HOU1,13250 Crosby Rd,187577,HOU1,Houston,TX,9318,CREW,2026-06-23 06:01,2026-06-23 12:00,Closed,05:59,,"",29.823241613183338,-95.19542287304921,,"",29.824730508670637,-95.18997369046744,,user
Chewy - HOU1,13250 Crosby Rd,187577,HOU1,Houston,TX,5794,CREW,2026-06-23 06:01,2026-06-23 12:02,Closed,06:01,,"",29.8227126,-95.1967819,,"",29.824392,-95.1895357,,user
Chewy - HOU1,13250 Crosby Rd,187577,HOU1,Houston,TX,9496,CREW,2026-06-23 06:01,2026-06-23 12:00,Closed,05:59,,"",29.824663214413285,-95.1924530603878,,"",29.824718738113454,-95.18997635850931,,user
Chewy - HOU1,13250 Crosby Rd,187577,HOU1,Houston,TX,2189,CREW,2026-06-23 06:08,2026-06-23 12:00,Closed,05:52,,"",29.8229583,-95.1963367,,"",29.8243354,-95.1896162,,user
Chewy - HOU1,13250 Crosby Rd,187577,HOU1,Houston,TX,4156,CREW,2026-06-23 06:08,2026-06-23 12:00,Closed,05:52,,"",29.8250067,-95.1917126,,"",29.8243436,-95.1895758,,user
Chewy - HOU1,13250 Crosby Rd,187577,HOU1,Houston,TX,1276,CREW,2026-06-23 06:32,2026-06-23 12:01,Closed,05:29,,"",29.8253776,-95.1883765,,"",29.8267754,-95.1879985,,user
Chewy - HOU1,13250 Crosby Rd,187577,HOU1,Houston,TX,6586,CREW,2026-06-23 12:55,2026-06-23 17:01,Closed,04:06,,"",29.824289,-95.1893595,,"",29.8251965,-95.1898141,,user
Chewy - HOU1,13250 Crosby Rd,187577,HOU1,Houston,TX,1009,CREW,2026-06-23 12:59,2026-06-23 17:03,Closed,04:04,,"",29.824677904316886,-95.1899237698571,,"",29.824677904316886,-95.1899237698571,,user
Chewy - HOU1,13250 Crosby Rd,187577,HOU1,Houston,TX,4156,CREW,2026-06-23 12:59,2026-06-23 17:03,Closed,04:04,,"",29.8244216,-95.1896488,,"",29.8249151,-95.1903251,,user
Chewy - HOU1,13250 Crosby Rd,187577,HOU1,Houston,TX,2189,CREW,2026-06-23 12:59,2026-06-23 17:02,Closed,04:03,,"",29.8242318,-95.1894384,,"",29.8249683,-95.1902767,,user
Chewy - HOU1,13250 Crosby Rd,187577,HOU1,Houston,TX,1276,CREW,2026-06-23 12:59,2026-06-23 17:00,Closed,04:01,,"",29.8251026,-95.1903015,,"",29.8251643,-95.1903379,,user
Chewy - HOU1,13250 Crosby Rd,187577,HOU1,Houston,TX,6067,CREW,2026-06-23 13:00,2026-06-23 17:00,Closed,04:00,,"",29.824679541083164,-95.18994195401898,,"",29.824679935683633,-95.18996640910262,,user
Chewy - HOU1,13250 Crosby Rd,187577,HOU1,Houston,TX,9496,CREW,2026-06-23 13:00,2026-06-23 17:01,Closed,04:01,,"",29.824730685239423,-95.1899901468389,,"",29.824921209392905,-95.19035104671045,,user
Chewy - HOU1,13250 Crosby Rd,187577,HOU1,Houston,TX,6532,CREW,2026-06-23 13:00,2026-06-23 17:03,Closed,04:03,,"",29.824702883680313,-95.18996121370988,,"",29.825102,-95.19036849999999,,user
Chewy - HOU1,13250 Crosby Rd,187577,HOU1,Houston,TX,3675,CREW,2026-06-23 13:00,2026-06-23 17:00,Closed,04:00,,"",29.824729813044023,-95.18997488519163,,"",29.824775494571302,-95.18992192988928,,user
Chewy - HOU1,13250 Crosby Rd,187577,HOU1,Houston,TX,0957,CREW,2026-06-23 13:00,2026-06-23 17:00,Closed,04:00,,"",29.824760317780786,-95.19001438919705,,"",29.825318637458498,-95.18979311142502,,user
Chewy - HOU1,13250 Crosby Rd,187577,HOU1,Houston,TX,5794,CREW,2026-06-23 13:00,2026-06-23 17:01,Closed,04:01,,"",29.8243666,-95.189619,,"",29.824361,-95.1893602,,user
Chewy - HOU1,13250 Crosby Rd,187577,HOU1,Houston,TX,9318,CREW,2026-06-23 13:00,2026-06-23 17:00,Closed,04:00,,"",29.824730508670637,-95.18997369046744,,"",29.824730508670637,-95.18997369046744,,user
Chewy - HOU1,13250 Crosby Rd,187577,HOU1,Houston,TX,6261,CREW,2026-06-23 13:00,2026-06-23 17:00,Closed,04:00,,"",29.824456,-95.1896773,,"",29.8247594,-95.1900128,,user
Chewy - HOU1,13250 Crosby Rd,187577,HOU1,Houston,TX,6320,CREW,2026-06-23 14:30,2026-06-23 17:00,Closed,02:30,,"",29.824633685951113,-95.18988448389655,,"",29.824684393466914,-95.18996430345689,,user
Chewy - HOU1,13250 Crosby Rd,187577,HOU1,Houston,TX,2712,CREW,2026-06-23 18:25,2026-06-24 00:30,Closed,06:05,,"",29.824731325956108,-95.18996345848733,,"",29.825115333722344,-95.18990524822281,,user
Chewy - HOU1,13250 Crosby Rd,187577,HOU1,Houston,TX,7085,CREW,2026-06-23 18:27,2026-06-24 00:30,Closed,06:03,,"",29.824661746870436,-95.18991852707066,,"",29.82467156678622,-95.18992863393225,,user
Chewy - HOU1,13250 Crosby Rd,187577,HOU1,Houston,TX,3701,CREW,2026-06-23 18:28,2026-06-24 00:30,Closed,06:02,,"",29.824708976667175,-95.18995676561474,,"",29.82264414795333,-95.19094430868205,,user
Chewy - HOU1,13250 Crosby Rd,187577,HOU1,Houston,TX,8398,CREW,2026-06-23 18:30,2026-06-24 00:34,Closed,06:04,,"",29.8243647,-95.189509,,"",29.8242343,-95.1894378,,user
Chewy - HOU1,13250 Crosby Rd,187577,HOU1,Houston,TX,7204,CREW,2026-06-23 18:30,2026-06-24 00:30,Closed,06:00,,"",29.824659773119286,-95.18989052555241,,"",29.824672404401074,-95.18995607274552,,user
Chewy - HOU1,13250 Crosby Rd,187577,HOU1,Houston,TX,6007,CREW,2026-06-23 18:30,2026-06-24 00:30,Closed,06:00,,"",29.824357,-95.1894591,,"",29.8244555,-95.1896283,,user
Chewy - HOU1,13250 Crosby Rd,187577,HOU1,Houston,TX,3155,CREW,2026-06-23 18:30,2026-06-24 00:30,Closed,06:00,,"",29.82466325130691,-95.18992967566759,,"",29.82473082064772,-95.18997041788322,,user
Chewy - HOU1,13250 Crosby Rd,187577,HOU1,Houston,TX,8216,CREW,2026-06-23 18:30,2026-06-24 00:30,Closed,06:00,,"",29.824657113900777,-95.18992752330507,,"",29.824649559257647,-95.18991902067073,,user
Chewy - HOU1,13250 Crosby Rd,187577,HOU1,Houston,TX,480474019,CREW,2026-06-23 18:30,2026-06-24 00:36,Closed,06:06,,"",29.8242356,-95.1893927,,"",29.8242848,-95.1893754,,user
Chewy - HOU1,13250 Crosby Rd,187577,HOU1,Houston,TX,2712,CREW,2026-06-24 01:30,2026-06-24 05:30,Closed,04:00,,"",29.824715367077207,-95.18997383012544,,"",29.82526400005126,-95.18986168305554,,user
Chewy - HOU1,13250 Crosby Rd,187577,HOU1,Houston,TX,7085,CREW,2026-06-24 01:30,2026-06-24 05:30,Closed,04:00,,"",29.824659733012293,-95.18992060337192,,"",29.824651065478847,-95.18993792082482,,user
Chewy - HOU1,13250 Crosby Rd,187577,HOU1,Houston,TX,3701,CREW,2026-06-24 01:30,2026-06-24 05:30,Closed,04:00,,"",29.824723087879715,-95.18995272532071,,"",29.824714854606096,-95.18994457371116,,user
Chewy - HOU1,13250 Crosby Rd,187577,HOU1,Houston,TX,3155,CREW,2026-06-24 01:30,2026-06-24 05:30,Closed,04:00,,"",29.824735549913438,-95.18996939118074,,"",29.824737803100636,-95.1899682594217,,user
Chewy - HOU1,13250 Crosby Rd,187577,HOU1,Houston,TX,480474019,CREW,2026-06-24 01:30,2026-06-24 05:30,Closed,04:00,,"",29.8243225,-95.1895166,,"",29.8243491,-95.1896059,,user
Chewy - HOU1,13250 Crosby Rd,187577,HOU1,Houston,TX,7204,CREW,2026-06-24 01:30,2026-06-24 05:31,Closed,04:01,,"",29.824640948126657,-95.18990687072501,,"",29.824638731542777,-95.1898706873495,,user
Chewy - HOU1,13250 Crosby Rd,187577,HOU1,Houston,TX,6007,CREW,2026-06-24 01:30,2026-06-24 05:31,Closed,04:01,,"",29.8242997,-95.1893488,,"",29.8242243,-95.1894066,,user
Chewy - HOU1,13250 Crosby Rd,187577,HOU1,Houston,TX,8216,CREW,2026-06-24 01:30,2026-06-24 05:30,Closed,04:00,,"",29.824659534407722,-95.18991850993456,,"",29.82465263656404,-95.18992834121437,,user
Chewy - HOU1,13250 Crosby Rd,187577,HOU1,Houston,TX,8398,CREW,2026-06-24 01:31,2026-06-24 05:30,Closed,03:59,,"",29.8243047,-95.189294,,"",29.8243227,-95.1895291,,user
Chewy - HOU1,13250 Crosby Rd,187577,HOU1,Houston,TX,2189,CREW,2026-06-24 05:54,2026-06-24 12:00,Closed,06:06,,"",29.8250883,-95.1902383,,"",29.8243669,-95.1895226,,user
Chewy - HOU1,13250 Crosby Rd,187577,HOU1,Houston,TX,6586,CREW,2026-06-24 05:54,2026-06-24 12:00,Closed,06:06,,"",29.8249825,-95.189957,,"",29.8243396,-95.1896464,,user
Chewy - HOU1,13250 Crosby Rd,187577,HOU1,Houston,TX,3675,CREW,2026-06-24 05:55,2026-06-24 12:00,Closed,06:05,,"",29.82473032020756,-95.18997469739075,,"",29.824705598727512,-95.18995216654024,,user
Chewy - HOU1,13250 Crosby Rd,187577,HOU1,Houston,TX,6320,CREW,2026-06-24 05:55,2026-06-24 13:30,Closed,07:35,,"",29.824629613373027,-95.18990882835567,,"",29.824701712756486,-95.18999716147128,,user
Chewy - HOU1,13250 Crosby Rd,187577,HOU1,Houston,TX,6261,CREW,2026-06-24 05:55,2026-06-24 12:00,Closed,06:05,,"",29.8245015,-95.1895912,,"",29.8243149,-95.1894727,,user
Chewy - HOU1,13250 Crosby Rd,187577,HOU1,Houston,TX,0957,CREW,2026-06-24 05:55,2026-06-24 12:00,Closed,06:05,,"",29.82472838868385,-95.189973720318,,"",29.824760317780786,-95.19001438919705,,user
Chewy - HOU1,13250 Crosby Rd,187577,HOU1,Houston,TX,4156,CREW,2026-06-24 05:57,2026-06-24 12:00,Closed,06:03,,"",29.8243472,-95.1895835,,"",29.8245266,-95.1897166,,user
Chewy - HOU1,13250 Crosby Rd,187577,HOU1,Houston,TX,9318,CREW,2026-06-24 05:57,2026-06-24 12:00,Closed,06:03,,"",29.823714360775913,-95.19396439399999,,"",29.824717219551925,-95.18996143736013,,user
Chewy - HOU1,13250 Crosby Rd,187577,HOU1,Houston,TX,9496,CREW,2026-06-24 05:57,2026-06-24 12:00,Closed,06:03,,"",29.824555339319467,-95.19255682834907,,"",29.82470816964357,-95.18995274372874,,user
Chewy - HOU1,13250 Crosby Rd,187577,HOU1,Houston,TX,1009,CREW,2026-06-24 05:58,2026-06-24 12:06,Closed,06:08,,"",29.824677317095144,-95.18992274448668,,"",29.824677317095144,-95.18992274448668,,user
Chewy - HOU1,13250 Crosby Rd,187577,HOU1,Houston,TX,6067,CREW,2026-06-24 05:59,2026-06-24 12:00,Closed,06:01,,"",29.824618441382512,-95.18989904985102,,"",29.82463803908243,-95.18988583989152,,user
Chewy - HOU1,13250 Crosby Rd,187577,HOU1,Houston,TX,1276,CREW,2026-06-24 06:00,2026-06-24 12:00,Closed,06:00,,"",29.8233472,-95.1950459,,"",29.8250503,-95.1904183,,user
Chewy - HOU1,13250 Crosby Rd,187577,HOU1,Houston,TX,5794,CREW,2026-06-24 06:02,2026-06-24 12:01,Closed,05:59,,"",29.8224464,-95.1972957,,"",29.8242845,-95.1892958,,user
Chewy - HOU1,13250 Crosby Rd,187577,HOU1,Houston,TX,6532,CREW,2026-06-24 06:03,2026-06-24 12:00,Closed,05:57,,"",29.823688999999998,-95.1940869,,"",29.8250395,-95.1908556,,user
Chewy - HOU1,13250 Crosby Rd,187577,HOU1,Houston,TX,6586,CREW,2026-06-24 12:55,2026-06-24 17:00,Closed,04:05,,"",29.8243389,-95.1895752,,"",29.8251842,-95.1898448,,user
Chewy - HOU1,13250 Crosby Rd,187577,HOU1,Houston,TX,1276,CREW,2026-06-24 12:59,2026-06-24 17:00,Closed,04:01,,"",29.8249398,-95.1884536,,"",29.825073,-95.1903227,,user
Chewy - HOU1,13250 Crosby Rd,187577,HOU1,Houston,TX,1009,CREW,2026-06-24 12:59,2026-06-24 17:03,Closed,04:04,,"",29.824677317095144,-95.18992274448668,,"",29.824677317095144,-95.18992274448668,,user
Chewy - HOU1,13250 Crosby Rd,187577,HOU1,Houston,TX,6067,CREW,2026-06-24 13:00,2026-06-24 17:00,Closed,04:00,,"",29.824650880577877,-95.18989742869657,,"",29.82465632620485,-95.18991043214088,,user
Chewy - HOU1,13250 Crosby Rd,187577,HOU1,Houston,TX,0957,CREW,2026-06-24 13:00,2026-06-24 17:01,Closed,04:01,,"",29.82472861926542,-95.18997365954166,,"",29.825209147173776,-95.1898524851645,,user
Chewy - HOU1,13250 Crosby Rd,187577,HOU1,Houston,TX,3675,CREW,2026-06-24 13:00,2026-06-24 17:00,Closed,04:00,,"",29.824731038979778,-95.1899752990186,,"",29.824729263966873,-95.1899749738001,,user
Chewy - HOU1,13250 Crosby Rd,187577,HOU1,Houston,TX,9496,CREW,2026-06-24 13:00,2026-06-24 17:00,Closed,04:00,,"",29.82472543575397,-95.18998241043583,,"",29.824735941933955,-95.19000559679262,,user
Chewy - HOU1,13250 Crosby Rd,187577,HOU1,Houston,TX,9318,CREW,2026-06-24 13:00,2026-06-24 17:00,Closed,04:00,,"",29.824718973614313,-95.19000174663879,,"",29.82473068642924,-95.18997283443044,,user
Chewy - HOU1,13250 Crosby Rd,187577,HOU1,Houston,TX,6261,CREW,2026-06-24 13:00,2026-06-24 17:00,Closed,04:00,,"",29.8242092,-95.1894477,,"",29.8252517,-95.1899037,,user
Chewy - HOU1,13250 Crosby Rd,187577,HOU1,Houston,TX,5794,CREW,2026-06-24 13:00,2026-06-24 17:00,Closed,04:00,,"",29.8242617,-95.1895019,,"",29.8245129,-95.189595,,user
Chewy - HOU1,13250 Crosby Rd,187577,HOU1,Houston,TX,6532,CREW,2026-06-24 13:00,2026-06-24 17:00,Closed,04:00,,"",29.825020316267633,-95.19029401230321,,"",29.825150700000002,-95.1902969,,user
Chewy - HOU1,13250 Crosby Rd,187577,HOU1,Houston,TX,2189,CREW,2026-06-24 13:00,2026-06-24 17:00,Closed,04:00,,"",29.824428,-95.1895346,,"",29.8249612,-95.1902719,,user
Chewy - HOU1,13250 Crosby Rd,187577,HOU1,Houston,TX,4156,CREW,2026-06-24 13:00,2026-06-24 17:00,Closed,04:00,,"",29.8242302,-95.1894377,,"",29.8249367,-95.19017,,user
Chewy - HOU1,13250 Crosby Rd,187577,HOU1,Houston,TX,6320,CREW,2026-06-24 14:30,2026-06-24 17:00,Closed,02:30,,"",29.824729476064437,-95.19003124515903,,"",29.82516683405932,-95.1898800559345,,user
Chewy - HOU1,13250 Crosby Rd,187577,HOU1,Houston,TX,0000,CREW,2026-06-24 18:22,2026-06-25 00:30,Closed,06:08,,"",29.824719956490636,-95.18995293307123,,"",29.82551475408013,-95.19035535656387,,user
Chewy - HOU1,13250 Crosby Rd,187577,HOU1,Houston,TX,7085,CREW,2026-06-24 18:28,2026-06-25 00:30,Closed,06:02,,"",29.824502829509314,-95.1896854670006,,"",29.8246239349539,-95.18986042325162,,user
Chewy - HOU1,13250 Crosby Rd,187577,HOU1,Houston,TX,480474019,CREW,2026-06-24 18:28,2026-06-25 00:30,Closed,06:02,,"",29.8242708,-95.1895031,,"",29.8242952,-95.189502,,user
Chewy - HOU1,13250 Crosby Rd,187577,HOU1,Houston,TX,7204,CREW,2026-06-24 18:28,2026-06-25 00:32,Closed,06:04,,"",29.824643413497945,-95.18991441656675,,"",29.82468326983674,-95.18986475128352,,user
Chewy - HOU1,13250 Crosby Rd,187577,HOU1,Houston,TX,3701,CREW,2026-06-24 18:29,2026-06-25 00:30,Closed,06:01,,"",29.824712760128424,-95.1899425553316,,"",29.825485704995756,-95.19037507612482,,user
Chewy - HOU1,13250 Crosby Rd,187577,HOU1,Houston,TX,6007,CREW,2026-06-24 18:29,2026-06-25 00:31,Closed,06:02,,"",29.8243624,-95.1894933,,"",29.8243181,-95.1895363,,user
Chewy - HOU1,13250 Crosby Rd,187577,HOU1,Houston,TX,3155,CREW,2026-06-24 18:30,2026-06-25 00:30,Closed,06:00,,"",29.82472730959075,-95.18996100333766,,"",29.82547119256898,-95.1903899017415,,user
Chewy - HOU1,13250 Crosby Rd,187577,HOU1,Houston,TX,8216,CREW,2026-06-24 18:30,2026-06-25 00:30,Closed,06:00,,"",29.824645764908794,-95.18991175585504,,"",29.82462566116163,-95.18987542448892,,user
Chewy - HOU1,13250 Crosby Rd,187577,HOU1,Houston,TX,8398,CREW,2026-06-24 18:31,2026-06-25 00:30,Closed,05:59,,"",29.8244346,-95.1897425,,"",29.8254719,-95.1902971,,user
Chewy - HOU1,13250 Crosby Rd,187577,HOU1,Houston,TX,2712,CREW,2026-06-24 18:33,2026-06-25 00:31,Closed,05:58,,"",29.82584825115691,-95.18863154337608,,"",29.824956611409476,-95.18974797320202,,user
Chewy - HOU1,13250 Crosby Rd,187577,HOU1,Houston,TX,7204,CREW,2026-06-25 01:29,2026-06-25 05:30,Closed,04:01,,"",29.82467933294309,-95.189948383167,,"",29.82468307866671,-95.1899623840396,,user
Chewy - HOU1,13250 Crosby Rd,187577,HOU1,Houston,TX,7085,CREW,2026-06-25 01:29,2026-06-25 05:30,Closed,04:01,,"",29.824670351323952,-95.18994448367403,,"",29.824714490792957,-95.1899473464874,,user
Chewy - HOU1,13250 Crosby Rd,187577,HOU1,Houston,TX,480474019,CREW,2026-06-25 01:29,2026-06-25 05:30,Closed,04:01,,"",29.824236,-95.1893997,,"",29.8243103,-95.1896021,,user
Chewy - HOU1,13250 Crosby Rd,187577,HOU1,Houston,TX,6007,CREW,2026-06-25 01:29,2026-06-25 05:29,Closed,04:00,,"",29.8243709,-95.1896158,,"",29.8244316,-95.1896719,,user
Chewy - HOU1,13250 Crosby Rd,187577,HOU1,Houston,TX,8216,CREW,2026-06-25 01:30,2026-06-25 05:30,Closed,04:00,,"",29.824646997128294,-95.18990242790834,,"",29.824712090567825,-95.1899943202192,,user
Chewy - HOU1,13250 Crosby Rd,187577,HOU1,Houston,TX,3701,CREW,2026-06-25 01:30,2026-06-25 05:30,Closed,04:00,,"",29.82544940796521,-95.19032879028015,,"",29.825286788237108,-95.19017868087484,,user
Chewy - HOU1,13250 Crosby Rd,187577,HOU1,Houston,TX,0000,CREW,2026-06-25 01:30,2026-06-25 05:30,Closed,04:00,,"",29.825487636197526,-95.19034956047942,,"",29.82528491430095,-95.19014225303023,,user
Chewy - HOU1,13250 Crosby Rd,187577,HOU1,Houston,TX,3155,CREW,2026-06-25 01:30,2026-06-25 05:30,Closed,04:00,,"",29.82548302592288,-95.19035083443006,,"",29.82694519751456,-95.18968626099245,,user
Chewy - HOU1,13250 Crosby Rd,187577,HOU1,Houston,TX,8398,CREW,2026-06-25 01:30,2026-06-25 05:30,Closed,04:00,,"",29.8253867,-95.19027,,"",29.8244052,-95.1896479,,user
Chewy - HOU1,13250 Crosby Rd,187577,HOU1,Houston,TX,2712,CREW,2026-06-25 01:30,2026-06-25 05:31,Closed,04:01,,"",29.824709088572178,-95.18997229201099,,"",29.82493635554746,-95.18974421313011,,user
Chewy - HOU1,13250 Crosby Rd,187577,HOU1,Houston,TX,0957,CREW,2026-06-25 05:55,2026-06-25 12:00,Closed,06:05,,"",29.824724190955376,-95.18995404445151,,"",29.824760317780786,-95.19001438919705,,user
Chewy - HOU1,13250 Crosby Rd,187577,HOU1,Houston,TX,3675,CREW,2026-06-25 05:55,2026-06-25 12:00,Closed,06:05,,"",29.824728575357344,-95.1899742347901,,"",29.824714629481132,-95.18996024225778,,user
Chewy - HOU1,13250 Crosby Rd,187577,HOU1,Houston,TX,6261,CREW,2026-06-25 05:55,2026-06-25 12:03,Closed,06:08,,"",29.8244205,-95.1896803,,"",29.8242956,-95.1894637,,user
Chewy - HOU1,13250 Crosby Rd,187577,HOU1,Houston,TX,6320,CREW,2026-06-25 05:55,2026-06-25 13:30,Closed,07:35,,"",29.82465377190506,-95.18993515016798,,"",29.824682606473914,-95.18992594905987,,user
Chewy - HOU1,13250 Crosby Rd,187577,HOU1,Houston,TX,6586,CREW,2026-06-25 05:55,2026-06-25 12:02,Closed,06:07,,"",29.8242668,-95.189589,,"",29.8243255,-95.1894845,,user
Chewy - HOU1,13250 Crosby Rd,187577,HOU1,Houston,TX,1009,CREW,2026-06-25 05:56,2026-06-25 12:00,Closed,06:04,,"",29.82467664362359,-95.18992253522445,,"",29.82467664362359,-95.18992253522445,,user
Chewy - HOU1,13250 Crosby Rd,187577,HOU1,Houston,TX,5794,CREW,2026-06-25 05:58,2026-06-25 12:01,Closed,06:03,,"",29.8252286,-95.188358,,"",29.8244677,-95.1895296,,user
Chewy - HOU1,13250 Crosby Rd,187577,HOU1,Houston,TX,6067,CREW,2026-06-25 05:59,2026-06-25 12:02,Closed,06:03,,"",29.824664209164432,-95.18992950328854,,"",29.824723459262383,-95.18998097565992,,user
Chewy - HOU1,13250 Crosby Rd,187577,HOU1,Houston,TX,6532,CREW,2026-06-25 05:59,2026-06-25 12:03,Closed,06:04,,"",29.82507343691586,-95.1903125684591,,"",29.824670323624456,-95.18992582310048,,user
Chewy - HOU1,13250 Crosby Rd,187577,HOU1,Houston,TX,9318,CREW,2026-06-25 06:02,2026-06-25 12:00,Closed,05:58,,"",29.82268631625361,-95.19690520586543,,"",29.824665267511698,-95.18989573498898,,user
Chewy - HOU1,13250 Crosby Rd,187577,HOU1,Houston,TX,9496,CREW,2026-06-25 06:02,2026-06-25 12:10,Closed,06:08,,"",29.822791237514082,-95.19669151092518,,"",29.82472269299193,-95.1899791445404,,user
Chewy - HOU1,13250 Crosby Rd,187577,HOU1,Houston,TX,2189,CREW,2026-06-25 06:03,2026-06-25 12:00,Closed,05:57,,"",29.823675,-95.194145,,"",29.8243462,-95.1894055,,user
Chewy - HOU1,13250 Crosby Rd,187577,HOU1,Houston,TX,4156,CREW,2026-06-25 06:03,2026-06-25 12:00,Closed,05:57,,"",29.8243683,-95.1928817,,"",29.824372,-95.1895204,,user
Chewy - HOU1,13250 Crosby Rd,187577,HOU1,Houston,TX,1276,CREW,2026-06-25 06:06,2026-06-25 12:00,Closed,05:54,,"",29.8223348,-95.19773,,"",29.8250597,-95.190564,,user
Chewy - HOU1,13250 Crosby Rd,187577,HOU1,Houston,TX,6586,CREW,2026-06-25 12:59,2026-06-25 17:01,Closed,04:02,,"",29.8242337,-95.1894381,,"",29.8251949,-95.1897968,,user
Chewy - HOU1,13250 Crosby Rd,187577,HOU1,Houston,TX,4156,CREW,2026-06-25 12:59,2026-06-25 17:00,Closed,04:01,,"",29.824536,-95.189614,,"",29.824942,-95.1902843,,user
Chewy - HOU1,13250 Crosby Rd,187577,HOU1,Houston,TX,1009,CREW,2026-06-25 12:59,2026-06-25 17:00,Closed,04:01,,"",29.82467664362359,-95.18992253522445,,"",29.8248917687004,-95.18990335011935,,user
Chewy - HOU1,13250 Crosby Rd,187577,HOU1,Houston,TX,1276,CREW,2026-06-25 12:59,2026-06-25 17:00,Closed,04:01,,"",29.8250821,-95.1903821,,"",29.825099,-95.1903343,,user
Chewy - HOU1,13250 Crosby Rd,187577,HOU1,Houston,TX,6067,CREW,2026-06-25 13:00,2026-06-25 17:00,Closed,04:00,,"",29.824723957264247,-95.18998104670356,,"",29.824843380030437,-95.18990801108379,,user
Chewy - HOU1,13250 Crosby Rd,187577,HOU1,Houston,TX,0957,CREW,2026-06-25 13:00,2026-06-25 17:00,Closed,04:00,,"",29.824727026608784,-95.18997352098542,,"",29.827085641085848,-95.1893890135221,,user
Chewy - HOU1,13250 Crosby Rd,187577,HOU1,Houston,TX,2189,CREW,2026-06-25 13:00,2026-06-25 17:01,Closed,04:01,,"",29.8244565,-95.1896253,,"",29.8249217,-95.1903333,,user
Chewy - HOU1,13250 Crosby Rd,187577,HOU1,Houston,TX,6532,CREW,2026-06-25 13:00,2026-06-25 17:02,Closed,04:02,,"",29.824639141653922,-95.18991085849262,,"",29.825099500000004,-95.19028660000001,,user
Chewy - HOU1,13250 Crosby Rd,187577,HOU1,Houston,TX,3675,CREW,2026-06-25 13:00,2026-06-25 17:00,Closed,04:00,,"",29.82471649274289,-95.18996166409931,,"",29.824769077850377,-95.19002197319193,,user
Chewy - HOU1,13250 Crosby Rd,187577,HOU1,Houston,TX,9496,CREW,2026-06-25 13:00,2026-06-25 17:00,Closed,04:00,,"",29.82477142478323,-95.1903984882824,,"",29.824946187464356,-95.19056973056419,,user
Chewy - HOU1,13250 Crosby Rd,187577,HOU1,Houston,TX,9318,CREW,2026-06-25 13:00,2026-06-25 17:00,Closed,04:00,,"",29.824755711194243,-95.19034024528875,,"",29.82495329885554,-95.19055426185467,,user
Chewy - HOU1,13250 Crosby Rd,187577,HOU1,Houston,TX,5794,CREW,2026-06-25 13:00,2026-06-25 17:01,Closed,04:01,,"",29.824342,-95.1895985,,"",29.824359,-95.1895084,,user
Chewy - HOU1,13250 Crosby Rd,187577,HOU1,Houston,TX,6261,CREW,2026-06-25 13:00,2026-06-25 17:01,Closed,04:01,,"",29.8244928,-95.1894591,,"",29.8251371,-95.1898276,,user
Chewy - HOU1,13250 Crosby Rd,187577,HOU1,Houston,TX,6320,CREW,2026-06-25 14:30,2026-06-25 17:00,Closed,02:30,,"",29.824692447953748,-95.18995772539299,,"",29.824644808349536,-95.18990685698724,,user
Chewy - HOU1,13250 Crosby Rd,187577,HOU1,Houston,TX,8251,CREW,2026-06-26 05:59,2026-06-26 12:00,Closed,06:01,,"",29.82303517316388,-95.19605749140871,,"",29.82439813897486,-95.18961042572646,,user
Chewy - HOU1,13250 Crosby Rd,187577,HOU1,Houston,TX,1485,PORTER-MAID,2026-06-26 06:01,2026-06-26 12:00,Closed,05:59,,"",29.8244669,-95.1897042,,"",29.8242266,-95.1896477,,user
Chewy - HOU1,13250 Crosby Rd,187577,HOU1,Houston,TX,7545,PORTER-MAID,2026-06-26 06:01,2026-06-26 12:01,Closed,06:00,,"",29.8244391,-95.1896433,,"",29.8243476,-95.1895137,,user
Chewy - HOU1,13250 Crosby Rd,187577,HOU1,Houston,TX,2932,CREW,2026-06-26 06:02,2026-06-26 12:00,Closed,05:58,,"",29.82251773939375,-95.19710784153193,,"",29.82463121601798,-95.18993612837347,,user
Chewy - HOU1,13250 Crosby Rd,187577,HOU1,Houston,TX,1703,CREW,2026-06-26 06:02,2026-06-26 12:00,Closed,05:58,,"",29.822969201822314,-95.19622029307934,,"",29.82467586776251,-95.18991965781775,,user
Chewy - HOU1,13250 Crosby Rd,187577,HOU1,Houston,TX,9096,CREW,2026-06-26 06:02,2026-06-26 12:00,Closed,05:58,,"",29.824895348208024,-95.18882709528538,,"",29.824663765256272,-95.18995636061595,,user
Chewy - HOU1,13250 Crosby Rd,187577,HOU1,Houston,TX,9087,CREW,2026-06-26 06:02,2026-06-26 12:00,Closed,05:58,,"",29.825970791308045,-95.18870559529884,,"",29.824731713449584,-95.189993372317,,user
Chewy - HOU1,13250 Crosby Rd,187577,HOU1,Houston,TX,1803,CREW,2026-06-26 06:04,2026-06-26 12:01,Closed,05:57,,"",29.8243127,-95.1899105,,"",29.8243484,-95.1895377,,user
Chewy - HOU1,13250 Crosby Rd,187577,HOU1,Houston,TX,5586,CREW,2026-06-26 06:06,2026-06-26 12:01,Closed,05:55,,"",29.82463550424134,-95.18993189816946,,"",29.824684414029505,-95.18996400968743,,user
Chewy - HOU1,13250 Crosby Rd,187577,HOU1,Houston,TX,2932,CREW,2026-06-26 12:57,2026-06-26 19:00,Closed,06:03,,"",29.824629014723474,-95.18989319427473,,"",29.824649455276347,-95.18997087460457,,user
Chewy - HOU1,13250 Crosby Rd,187577,HOU1,Houston,TX,9087,CREW,2026-06-26 12:57,2026-06-26 19:00,Closed,06:03,,"",29.824703565160533,-95.1899491416455,,"",29.8247080509316,-95.18997029142335,,user
Chewy - HOU1,13250 Crosby Rd,187577,HOU1,Houston,TX,1703,CREW,2026-06-26 12:57,2026-06-26 19:00,Closed,06:03,,"",29.82465723126088,-95.18988816019689,,"",29.8246157506672,-95.18988145918485,,user
Chewy - HOU1,13250 Crosby Rd,187577,HOU1,Houston,TX,9096,CREW,2026-06-26 12:57,2026-06-26 19:00,Closed,06:03,,"",29.82465887240378,-95.1899095967016,,"",29.824650893661776,-95.18997135474824,,user
Chewy - HOU1,13250 Crosby Rd,187577,HOU1,Houston,TX,5586,CREW,2026-06-26 12:58,2026-06-26 19:00,Closed,06:02,,"",29.824528247409667,-95.18985327806666,,"",29.824632389452525,-95.1899525716171,,user
Chewy - HOU1,13250 Crosby Rd,187577,HOU1,Houston,TX,8251,CREW,2026-06-26 12:59,2026-06-26 14:59,Closed,02:00,,"",29.82467010957768,-95.18993852540632,,"",29.824729569666903,-95.19004286141414,,user
Chewy - HOU1,13250 Crosby Rd,187577,HOU1,Houston,TX,1485,PORTER-MAID,2026-06-26 12:59,2026-06-26 19:00,Closed,06:01,,"",29.824461,-95.1896681,,"",29.8244519,-95.1896475,,user
Chewy - HOU1,13250 Crosby Rd,187577,HOU1,Houston,TX,1803,CREW,2026-06-26 13:00,2026-06-26 19:00,Closed,06:00,,"",29.8244217,-95.1896385,,"",29.8245504,-95.1895918,,user
Chewy - HOU1,13250 Crosby Rd,187577,HOU1,Houston,TX,7545,PORTER-MAID,2026-06-26 13:00,2026-06-26 19:00,Closed,06:00,,"",29.8243432,-95.1894843,,"",29.8244746,-95.1896642,,user
Chewy - HOU1,13250 Crosby Rd,187577,HOU1,Houston,TX,5586,CREW,2026-06-27 05:58,2026-06-27 12:02,Closed,06:04,,"",29.82461901682246,-95.18992050641228,,"",29.824570697428754,-95.18980156084433,,user
Chewy - HOU1,13250 Crosby Rd,187577,HOU1,Houston,TX,2932,CREW,2026-06-27 05:58,2026-06-27 12:00,Closed,06:02,,"",29.82251471674268,-95.19721531581625,,"",29.82467611283661,-95.1898966146613,,user
Chewy - HOU1,13250 Crosby Rd,187577,HOU1,Houston,TX,1703,CREW,2026-06-27 05:58,2026-06-27 12:00,Closed,06:02,,"",29.8230930581444,-95.19599504270876,,"",29.824647168450312,-95.18987994734142,,user
Chewy - HOU1,13250 Crosby Rd,187577,HOU1,Houston,TX,9096,CREW,2026-06-27 06:00,2026-06-27 12:27,Closed,06:27,,"",29.824635341045443,-95.18993352462044,,"",29.824622950252664,-95.18990163197694,,user
Chewy - HOU1,13250 Crosby Rd,187577,HOU1,Houston,TX,3334,CREW,2026-06-27 06:00,2026-06-27 12:00,Closed,06:00,,"",29.82470781216298,-95.18993259747104,,"",29.824709976402097,-95.1899550155565,,user
Chewy - HOU1,13250 Crosby Rd,187577,HOU1,Houston,TX,1803,CREW,2026-06-27 06:00,2026-06-27 12:00,Closed,06:00,,"",29.8245798,-95.1896973,,"",29.824342,-95.1894732,,user
Chewy - HOU1,13250 Crosby Rd,187577,HOU1,Houston,TX,7545,PORTER-MAID,2026-06-27 06:00,2026-06-27 12:03,Closed,06:03,,"",29.8244398,-95.1896539,,"",29.8242849,-95.1895382,,user
Chewy - HOU1,13250 Crosby Rd,187577,HOU1,Houston,TX,1485,PORTER-MAID,2026-06-27 06:08,2026-06-27 12:00,Closed,05:52,,"",29.8244305,-95.1898658,,"",29.8244532,-95.1895958,,user
Chewy - HOU1,13250 Crosby Rd,187577,HOU1,Houston,TX,9087,CREW,2026-06-27 06:08,2026-06-27 12:00,Closed,05:52,,"",29.826170406332075,-95.18885278151853,,"",29.824706030554257,-95.18995413903733,,user
Chewy - HOU1,13250 Crosby Rd,187577,HOU1,Houston,TX,8251,CREW,2026-06-27 06:28,2026-06-27 12:00,Closed,05:32,,"",29.824497458052054,-95.19266656396715,,"",29.824708841737063,-95.19001206036123,,user
Chewy - HOU1,13250 Crosby Rd,187577,HOU1,Houston,TX,9087,CREW,2026-06-27 12:58,2026-06-27 19:00,Closed,06:02,,"",29.824706067019633,-95.18995396380072,,"",29.824707675423376,-95.18995277269062,,user
Chewy - HOU1,13250 Crosby Rd,187577,HOU1,Houston,TX,2932,CREW,2026-06-27 12:58,2026-06-27 17:23,Closed,04:25,,"",29.824684266737318,-95.18994696598337,,"",29.82618053368088,-95.18923590152632,,user
Chewy - HOU1,13250 Crosby Rd,187577,HOU1,Houston,TX,3334,CREW,2026-06-27 12:58,2026-06-27 19:00,Closed,06:02,,"",29.824701917908918,-95.18994732834965,,"",29.824713952719097,-95.18994298404311,,user
Chewy - HOU1,13250 Crosby Rd,187577,HOU1,Houston,TX,1703,CREW,2026-06-27 13:00,2026-06-27 17:23,Closed,04:23,,"",29.824642686977743,-95.18990592208372,,"",29.82607455905011,-95.1897451666228,,user
Chewy - HOU1,13250 Crosby Rd,187577,HOU1,Houston,TX,1803,CREW,2026-06-27 13:00,2026-06-27 19:00,Closed,06:00,,"",29.8244415,-95.1896785,,"",29.8244154,-95.1896466,,user
Chewy - HOU1,13250 Crosby Rd,187577,HOU1,Houston,TX,8251,CREW,2026-06-27 13:00,2026-06-27 19:00,Closed,06:00,,"",29.824684788233213,-95.18995956166974,,"",29.824612087560322,-95.1898574714365,,user
Chewy - HOU1,13250 Crosby Rd,187577,HOU1,Houston,TX,9096,CREW,2026-06-27 13:00,2026-06-27 19:00,Closed,06:00,,"",29.8246953557794,-95.18993222280622,,"",29.82464789461062,-95.18993013937109,,user
Chewy - HOU1,13250 Crosby Rd,187577,HOU1,Houston,TX,1485,PORTER-MAID,2026-06-27 13:00,2026-06-27 19:00,Closed,06:00,,"",29.8244159,-95.1895767,,"",29.8244038,-95.1895042,,user
Chewy - HOU1,13250 Crosby Rd,187577,HOU1,Houston,TX,7545,PORTER-MAID,2026-06-27 13:01,2026-06-27 19:00,Closed,05:59,,"",29.8243954,-95.1895709,,"",29.8243593,-95.1894828,,user
Chewy - HOU1,13250 Crosby Rd,187577,HOU1,Houston,TX,5586,CREW,2026-06-27 13:07,2026-06-27 15:43,Closed,02:36,,"",29.824727453760687,-95.18997757053214,,"",29.80236993129044,-95.18289153900587,,geofence
Chewy - HOU1,13250 Crosby Rd,187577,HOU1,Houston,TX,9087,CREW,2026-06-28 05:59,2026-06-28 12:59,Closed,07:00,,"",29.824780896333813,-95.18988057048543,,"",29.824702523388414,-95.18995144767702,,user
Chewy - HOU1,13250 Crosby Rd,187577,HOU1,Houston,TX,3334,CREW,2026-06-28 06:00,2026-06-28 12:00,Closed,06:00,,"",29.824701510367767,-95.18994886170819,,"",29.824702320366058,-95.18995165085677,,user
Chewy - HOU1,13250 Crosby Rd,187577,HOU1,Houston,TX,1803,CREW,2026-06-28 06:00,2026-06-28 12:00,Closed,06:00,,"",29.8243493,-95.1895446,,"",29.8244048,-95.1896451,,user
Chewy - HOU1,13250 Crosby Rd,187577,HOU1,Houston,TX,1485,PORTER-MAID,2026-06-28 06:02,2026-06-28 12:00,Closed,05:58,,"",29.8248582,-95.1888934,,"",29.8245194,-95.1896152,,user
Chewy - HOU1,13250 Crosby Rd,187577,HOU1,Houston,TX,7545,PORTER-MAID,2026-06-28 06:04,2026-06-28 12:00,Closed,05:56,,"",29.8244185,-95.1896175,,"",29.8244705,-95.1894427,,user
Chewy - HOU1,13250 Crosby Rd,187577,HOU1,Houston,TX,2932,CREW,2026-06-28 06:05,2026-06-28 12:00,Closed,05:55,,"",29.822441044672598,-95.19729717529586,,"",29.82462751257369,-95.18985223383676,,user
Chewy - HOU1,13250 Crosby Rd,187577,HOU1,Houston,TX,1703,CREW,2026-06-28 06:05,2026-06-28 12:00,Closed,05:55,,"",29.822800431487558,-95.1966435769668,,"",29.824675794886303,-95.18991516255164,,user
Chewy - HOU1,13250 Crosby Rd,187577,HOU1,Houston,TX,9096,CREW,2026-06-28 06:10,2026-06-28 12:13,Closed,06:03,,"",29.82463211653231,-95.1899068982239,,"",29.824615658285165,-95.18984025811471,,user
Chewy - HOU1,13250 Crosby Rd,187577,HOU1,Houston,TX,2932,CREW,2026-06-28 12:56,2026-06-28 19:00,Closed,06:04,,"",29.824610500086266,-95.18988040526357,,"",29.82462494089493,-95.18995536221574,,user
Chewy - HOU1,13250 Crosby Rd,187577,HOU1,Houston,TX,1703,CREW,2026-06-28 13:00,2026-06-28 19:00,Closed,06:00,,"",29.824699631570937,-95.18996664838282,,"",29.824743869141905,-95.18992296843871,,user
Chewy - HOU1,13250 Crosby Rd,187577,HOU1,Houston,TX,1803,CREW,2026-06-28 13:00,2026-06-28 19:00,Closed,06:00,,"",29.8244423,-95.1896631,,"",29.8245546,-95.1899895,,user
Chewy - HOU1,13250 Crosby Rd,187577,HOU1,Houston,TX,7545,PORTER-MAID,2026-06-28 13:00,2026-06-28 19:01,Closed,06:01,,"",29.8243464,-95.1895113,,"",29.8245193,-95.1896934,,user
Chewy - HOU1,13250 Crosby Rd,187577,HOU1,Houston,TX,9096,CREW,2026-06-28 13:00,2026-06-28 19:00,Closed,06:00,,"",29.82461344469289,-95.18994073458884,,"",29.824685695122596,-95.18993247178717,,user
Chewy - HOU1,13250 Crosby Rd,187577,HOU1,Houston,TX,1485,PORTER-MAID,2026-06-28 13:00,2026-06-28 19:00,Closed,06:00,,"",29.824477,-95.1895374,,"",29.8245241,-95.1897743,,user
Chewy - HOU1,13250 Crosby Rd,187577,HOU1,Houston,TX,3334,CREW,2026-06-28 13:00,2026-06-28 19:05,Closed,06:05,,"",29.82469979655426,-95.18994943962441,,"",29.824723367228962,-95.18999008016998,,user
Chewy - HOU1,13250 Crosby Rd,187577,HOU1,Houston,TX,9087,CREW,2026-06-28 14:00,2026-06-28 19:00,Closed,05:00,,"",,,,"",,,,
Chewy - HOU1,13250 Crosby Rd,187577,HOU1,Houston,TX,0000,CREW,2026-06-28 18:19,2026-06-29 00:31,Closed,06:12,,"",29.824994151863862,-95.19017387330463,,"",29.82471711200226,-95.19001618145782,,user
Chewy - HOU1,13250 Crosby Rd,187577,HOU1,Houston,TX,8216,CREW,2026-06-28 18:25,2026-06-29 00:32,Closed,06:07,,"",29.824584391363118,-95.18981043425791,,"",29.82468410285753,-95.1899239240234,,user
Chewy - HOU1,13250 Crosby Rd,187577,HOU1,Houston,TX,2712,CREW,2026-06-28 18:26,2026-06-29 00:31,Closed,06:05,,"",29.82506104409078,-95.18984100771513,,"",29.824729239489113,-95.18996166682555,,user
Chewy - HOU1,13250 Crosby Rd,187577,HOU1,Houston,TX,3701,CREW,2026-06-28 18:27,2026-06-29 00:31,Closed,06:04,,"",29.824702839406783,-95.18996340946958,,"",29.82472258456425,-95.18996117092014,,user
Chewy - HOU1,13250 Crosby Rd,187577,HOU1,Houston,TX,7085,CREW,2026-06-28 18:27,2026-06-29 00:33,Closed,06:06,,"",29.824618902541307,-95.18993678078594,,"",29.824665895185326,-95.18993017919601,,user
Chewy - HOU1,13250 Crosby Rd,187577,HOU1,Houston,TX,480474019,CREW,2026-06-28 18:27,2026-06-29 00:33,Closed,06:06,,"",29.8244009,-95.1895636,,"",29.8244112,-95.1895627,,user
Chewy - HOU1,13250 Crosby Rd,187577,HOU1,Houston,TX,3155,CREW,2026-06-28 18:28,2026-06-29 00:31,Closed,06:03,,"",29.824734942764092,-95.18996694332698,,"",29.824734681952418,-95.18996531398739,,user
Chewy - HOU1,13250 Crosby Rd,187577,HOU1,Houston,TX,7204,CREW,2026-06-28 18:28,2026-06-29 00:33,Closed,06:05,,"",29.82462723219874,-95.18987344916864,,"",29.824522453089276,-95.18971241960193,,user
Chewy - HOU1,13250 Crosby Rd,187577,HOU1,Houston,TX,6007,CREW,2026-06-28 18:28,2026-06-29 00:34,Closed,06:06,,"",29.8244615,-95.1896258,,"",29.8244837,-95.189558,,user
Chewy - HOU1,13250 Crosby Rd,187577,HOU1,Houston,TX,8398,CREW,2026-06-28 18:29,2026-06-29 00:34,Closed,06:05,,"",29.8244343,-95.1898328,,"",29.8245455,-95.1899539,,user
Chewy - HOU1,13250 Crosby Rd,187577,HOU1,Houston,TX,0000,CREW,2026-06-29 01:29,2026-06-29 05:30,Closed,04:01,,"",29.824730645685612,-95.1899831624491,,"",29.824190558477426,-95.18993912843409,,user
Chewy - HOU1,13250 Crosby Rd,187577,HOU1,Houston,TX,2712,CREW,2026-06-29 01:29,2026-06-29 05:32,Closed,04:03,,"",29.824718564239152,-95.18994971359423,,"",29.824736310362486,-95.19004880570006,,user
Chewy - HOU1,13250 Crosby Rd,187577,HOU1,Houston,TX,3155,CREW,2026-06-29 01:30,2026-06-29 05:30,Closed,04:00,,"",29.824697143116552,-95.18993355379307,,"",29.82488834635973,-95.18986015930165,,user
Chewy - HOU1,13250 Crosby Rd,187577,HOU1,Houston,TX,3701,CREW,2026-06-29 01:30,2026-06-29 05:30,Closed,04:00,,"",29.824718176451768,-95.18996144151139,,"",29.8249140285485,-95.18988169721618,,user
Chewy - HOU1,13250 Crosby Rd,187577,HOU1,Houston,TX,8398,CREW,2026-06-29 01:30,2026-06-29 05:30,Closed,04:00,,"",29.824359,-95.1894916,,"",29.8244746,-95.1897502,,user
Chewy - HOU1,13250 Crosby Rd,187577,HOU1,Houston,TX,7085,CREW,2026-06-29 01:30,2026-06-29 05:30,Closed,04:00,,"",29.82465102268709,-95.18990394306917,,"",29.824710291283342,-95.18994648160654,,user
Chewy - HOU1,13250 Crosby Rd,187577,HOU1,Houston,TX,8216,CREW,2026-06-29 01:30,2026-06-29 05:30,Closed,04:00,,"",29.824612941574124,-95.18987388203807,,"",29.82466237099259,-95.1899317770616,,user
Chewy - HOU1,13250 Crosby Rd,187577,HOU1,Houston,TX,480474019,CREW,2026-06-29 01:30,2026-06-29 05:30,Closed,04:00,,"",29.8243638,-95.1895491,,"",29.8244132,-95.1896372,,user
Chewy - HOU1,13250 Crosby Rd,187577,HOU1,Houston,TX,6007,CREW,2026-06-29 01:30,2026-06-29 05:30,Closed,04:00,,"",29.8244886,-95.1895484,,"",29.8245313,-95.1896213,,user
Chewy - HOU1,13250 Crosby Rd,187577,HOU1,Houston,TX,7204,CREW,2026-06-29 01:30,2026-06-29 05:30,Closed,04:00,,"",29.82465500092935,-95.18992857755963,,"",29.82465678688526,-95.18991135662927,,user
Chewy - HOU1,13250 Crosby Rd,187577,HOU1,Houston,TX,6586,CREW,2026-06-29 05:54,2026-06-29 12:00,Closed,06:06,,"",29.8248427,-95.1900542,,"",29.824507,-95.1896543,,user
Chewy - HOU1,13250 Crosby Rd,187577,HOU1,Houston,TX,0957,CREW,2026-06-29 05:55,2026-06-29 12:00,Closed,06:05,,"",29.824722178940974,-95.1899515024667,,"",29.82470385347482,-95.18994481817568,,user
Chewy - HOU1,13250 Crosby Rd,187577,HOU1,Houston,TX,3675,CREW,2026-06-29 05:55,2026-06-29 12:00,Closed,06:05,,"",29.824729448271135,-95.18997937896032,,"",29.824728578388438,-95.18997937172203,,user
Chewy - HOU1,13250 Crosby Rd,187577,HOU1,Houston,TX,6261,CREW,2026-06-29 05:55,2026-06-29 12:04,Closed,06:09,,"",29.8245314,-95.1896112,,"",29.8244027,-95.1896035,,user
Chewy - HOU1,13250 Crosby Rd,187577,HOU1,Houston,TX,2189,CREW,2026-06-29 05:55,2026-06-29 12:00,Closed,06:05,,"",29.8248417,-95.1899217,,"",29.8243983,-95.1895697,,user
Chewy - HOU1,13250 Crosby Rd,187577,HOU1,Houston,TX,6320,CREW,2026-06-29 05:55,2026-06-29 13:40,Closed,07:45,,"",29.82462567470358,-95.18989841781689,,"",29.824604642915148,-95.18987169537372,,user
Chewy - HOU1,13250 Crosby Rd,187577,HOU1,Houston,TX,4156,CREW,2026-06-29 05:56,2026-06-29 12:00,Closed,06:04,,"",29.82513,-95.1902783,,"",29.8244917,-95.1896737,,user
Chewy - HOU1,13250 Crosby Rd,187577,HOU1,Houston,TX,1009,CREW,2026-06-29 05:59,2026-06-29 12:01,Closed,06:02,,"",29.824675813191497,-95.18992228390871,,"",29.824675813191497,-95.18992228390871,,user
Chewy - HOU1,13250 Crosby Rd,187577,HOU1,Houston,TX,6067,CREW,2026-06-29 05:59,2026-06-29 12:00,Closed,06:01,,"",29.824703245635234,-95.18995812242969,,"",29.824713173936697,-95.1899474678583,,user
Chewy - HOU1,13250 Crosby Rd,187577,HOU1,Houston,TX,6532,CREW,2026-06-29 06:00,2026-06-29 12:02,Closed,06:02,,"",29.826079815849027,-95.1887887801905,,"",29.824693069027322,-95.18993742870087,,user
Chewy - HOU1,13250 Crosby Rd,187577,HOU1,Houston,TX,5794,CREW,2026-06-29 06:00,2026-06-29 12:00,Closed,06:00,,"",29.8244838,-95.1898141,,"",29.8245352,-95.1896077,,user
Chewy - HOU1,13250 Crosby Rd,187577,HOU1,Houston,TX,9318,CREW,2026-06-29 06:02,2026-06-29 12:00,Closed,05:58,,"",29.823349334552187,-95.19500904828622,,"",29.824728665838734,-95.18996887782903,,user
Chewy - HOU1,13250 Crosby Rd,187577,HOU1,Houston,TX,9496,CREW,2026-06-29 06:02,2026-06-29 12:00,Closed,05:58,,"",29.82469108424133,-95.19237938345893,,"",29.82472417132362,-95.18998020744928,,user
Chewy - HOU1,13250 Crosby Rd,187577,HOU1,Houston,TX,1276,CREW,2026-06-29 06:34,2026-06-29 12:00,Closed,05:26,,"",29.823451,-95.1947549,,"",29.8247208,-95.1923185,,user
Chewy - HOU1,13250 Crosby Rd,187577,HOU1,Houston,TX,6586,CREW,2026-06-29 12:55,2026-06-29 17:00,Closed,04:05,,"",29.8243641,-95.1895486,,"",29.8251507,-95.1898036,,user
Chewy - HOU1,13250 Crosby Rd,187577,HOU1,Houston,TX,4156,CREW,2026-06-29 12:59,2026-06-29 17:00,Closed,04:01,,"",29.8244496,-95.1896301,,"",29.8251308,-95.1901152,,user
Chewy - HOU1,13250 Crosby Rd,187577,HOU1,Houston,TX,2189,CREW,2026-06-29 12:59,2026-06-29 17:01,Closed,04:02,,"",29.8244365,-95.1896124,,"",29.824455,-95.1905817,,user
Chewy - HOU1,13250 Crosby Rd,187577,HOU1,Houston,TX,9496,CREW,2026-06-29 12:59,2026-06-29 17:01,Closed,04:02,,"",29.82472417132362,-95.18998020744928,,"",29.82485619864706,-95.1905090947503,,user
Chewy - HOU1,13250 Crosby Rd,187577,HOU1,Houston,TX,9318,CREW,2026-06-29 12:59,2026-06-29 17:01,Closed,04:02,,"",29.824728665838734,-95.18996887782903,,"",29.827316859735514,-95.18968725602818,,user
Chewy - HOU1,13250 Crosby Rd,187577,HOU1,Houston,TX,1276,CREW,2026-06-29 12:59,2026-06-29 17:01,Closed,04:02,,"",29.8248693,-95.1888232,,"",29.8251091,-95.1901983,,user
Chewy - HOU1,13250 Crosby Rd,187577,HOU1,Houston,TX,1009,CREW,2026-06-29 13:00,2026-06-29 17:00,Closed,04:00,,"",29.824675813191497,-95.18992228390871,,"",29.824675813191497,-95.18992228390871,,user
Chewy - HOU1,13250 Crosby Rd,187577,HOU1,Houston,TX,0957,CREW,2026-06-29 13:00,2026-06-29 17:00,Closed,04:00,,"",29.824726299390147,-95.1899763329464,,"",29.825514234722313,-95.18983686087586,,user
Chewy - HOU1,13250 Crosby Rd,187577,HOU1,Houston,TX,6261,CREW,2026-06-29 13:00,2026-06-29 17:00,Closed,04:00,,"",29.8244745,-95.1896802,,"",29.8245553,-95.1898319,,user
Chewy - HOU1,13250 Crosby Rd,187577,HOU1,Houston,TX,6067,CREW,2026-06-29 13:00,2026-06-29 17:00,Closed,04:00,,"",29.824715978524537,-95.19000148973483,,"",29.82472848822557,-95.18996102862071,,user
Chewy - HOU1,13250 Crosby Rd,187577,HOU1,Houston,TX,6532,CREW,2026-06-29 13:00,2026-06-29 17:01,Closed,04:01,,"",29.824671961674166,-95.18990960674256,,"",29.825118399999997,-95.19019949999999,,user
Chewy - HOU1,13250 Crosby Rd,187577,HOU1,Houston,TX,5794,CREW,2026-06-29 13:00,2026-06-29 17:00,Closed,04:00,,"",29.8243607,-95.1895506,,"",29.8245366,-95.189701,,user
Chewy - HOU1,13250 Crosby Rd,187577,HOU1,Houston,TX,3675,CREW,2026-06-29 13:00,2026-06-29 17:00,Closed,04:00,,"",29.824728759978733,-95.18997941372797,,"",29.824794068138004,-95.18985941985429,,user
Chewy - HOU1,13250 Crosby Rd,187577,HOU1,Houston,TX,6320,CREW,2026-06-29 14:40,2026-06-29 17:01,Closed,02:21,,"",29.824671569917996,-95.18990893913808,,"",29.82463521002102,-95.18986855750678,,user
Chewy - HOU1,13250 Crosby Rd,187577,HOU1,Houston,TX,0000,CREW,2026-06-29 18:20,2026-06-30 00:31,Closed,06:11,,"",29.82532503985047,-95.19018371581522,,"",29.824729830394045,-95.19005158971872,,user
Chewy - HOU1,13250 Crosby Rd,187577,HOU1,Houston,TX,3701,CREW,2026-06-29 18:26,2026-06-30 00:30,Closed,06:04,,"",29.824689416857115,-95.18997679389703,,"",29.824699910021998,-95.1899510270024,,user
Chewy - HOU1,13250 Crosby Rd,187577,HOU1,Houston,TX,480474019,CREW,2026-06-29 18:26,2026-06-30 00:31,Closed,06:05,,"",29.8244904,-95.1896499,,"",29.8243606,-95.1895971,,user
Chewy - HOU1,13250 Crosby Rd,187577,HOU1,Houston,TX,7085,CREW,2026-06-29 18:27,2026-06-30 00:30,Closed,06:03,,"",29.824641572282484,-95.18992294042162,,"",29.824670429638616,-95.18991006467573,,user
Chewy - HOU1,13250 Crosby Rd,187577,HOU1,Houston,TX,3155,CREW,2026-06-29 18:27,2026-06-30 00:30,Closed,06:03,,"",29.824734737358863,-95.18996557445814,,"",29.824733853919536,-95.18996423506684,,user
Chewy - HOU1,13250 Crosby Rd,187577,HOU1,Houston,TX,7204,CREW,2026-06-29 18:28,2026-06-30 00:31,Closed,06:03,,"",29.8246446347688,-95.18993658955439,,"",29.8246307686671,-95.18992199913154,,user
Chewy - HOU1,13250 Crosby Rd,187577,HOU1,Houston,TX,8216,CREW,2026-06-29 18:30,2026-06-30 00:30,Closed,06:00,,"",29.82467832369341,-95.18999270405587,,"",29.82464413869626,-95.18992594025475,,user
Chewy - HOU1,13250 Crosby Rd,187577,HOU1,Houston,TX,8398,CREW,2026-06-29 18:30,2026-06-30 00:30,Closed,06:00,,"",29.8244939,-95.1897463,,"",29.8244155,-95.1895682,,user
Chewy - HOU1,13250 Crosby Rd,187577,HOU1,Houston,TX,2712,CREW,2026-06-29 18:40,2026-06-30 00:31,Closed,05:51,,"",29.828106745010825,-95.18748649378647,,"",29.82512189739672,-95.18986798285202,,user
Chewy - HOU1,13250 Crosby Rd,187577,HOU1,Houston,TX,2712,CREW,2026-06-30 01:29,2026-06-30 05:33,Closed,04:04,,"",29.824719676862593,-95.18996431039898,,"",29.825120116775764,-95.18986575472755,,user
Chewy - HOU1,13250 Crosby Rd,187577,HOU1,Houston,TX,0000,CREW,2026-06-30 01:29,2026-06-30 05:33,Closed,04:04,,"",29.824713389801147,-95.18996661031868,,"",29.82576068524639,-95.18983044633829,,user
Chewy - HOU1,13250 Crosby Rd,187577,HOU1,Houston,TX,3701,CREW,2026-06-30 01:30,2026-06-30 05:30,Closed,04:00,,"",29.824711394405348,-95.18994055563577,,"",29.82490685267962,-95.19037669128005,,user
Chewy - HOU1,13250 Crosby Rd,187577,HOU1,Houston,TX,3155,CREW,2026-06-30 01:30,2026-06-30 05:30,Closed,04:00,,"",29.824732874492536,-95.18996607150653,,"",29.825031014258876,-95.19032355856629,,user
Chewy - HOU1,13250 Crosby Rd,187577,HOU1,Houston,TX,7085,CREW,2026-06-30 01:30,2026-06-30 05:30,Closed,04:00,,"",29.824669972409563,-95.18990950719154,,"",29.8247259856715,-95.19001917518723,,user
Chewy - HOU1,13250 Crosby Rd,187577,HOU1,Houston,TX,8216,CREW,2026-06-30 01:30,2026-06-30 05:33,Closed,04:03,,"",29.824666271058177,-95.18988626455422,,"",29.824599037730902,-95.18986328408923,,user
Chewy - HOU1,13250 Crosby Rd,187577,HOU1,Houston,TX,8398,CREW,2026-06-30 01:30,2026-06-30 05:30,Closed,04:00,,"",29.8243848,-95.189652,,"",29.8244625,-95.189662,,user
Chewy - HOU1,13250 Crosby Rd,187577,HOU1,Houston,TX,480474019,CREW,2026-06-30 01:30,2026-06-30 05:30,Closed,04:00,,"",29.8243859,-95.1896492,,"",29.8245227,-95.1896313,,user
Chewy - HOU1,13250 Crosby Rd,187577,HOU1,Houston,TX,6007,CREW,2026-06-30 01:30,2026-06-30 05:29,Closed,03:59,,"",29.8245162,-95.1895806,,"",29.8249033,-95.1900082,,user
Chewy - HOU1,13250 Crosby Rd,187577,HOU1,Houston,TX,7204,CREW,2026-06-30 01:30,2026-06-30 05:30,Closed,04:00,,"",29.824649447930323,-95.18994415267447,,"",29.824819411178886,-95.18993555577023,,user
Chewy - HOU1,13250 Crosby Rd,187577,HOU1,Houston,TX,6261,CREW,2026-06-30 05:55,2026-06-30 12:01,Closed,06:06,,"",29.8244935,-95.1896564,,"",29.8244146,-95.1895538,,user
Chewy - HOU1,13250 Crosby Rd,187577,HOU1,Houston,TX,0957,CREW,2026-06-30 05:55,2026-06-30 12:00,Closed,06:05,,"",29.824720622310615,-95.18995063508174,,"",29.82470279014452,-95.18994174403583,,user
Chewy - HOU1,13250 Crosby Rd,187577,HOU1,Houston,TX,3675,CREW,2026-06-30 05:55,2026-06-30 12:00,Closed,06:05,,"",29.824730810768447,-95.18996432479254,,"",29.824722913540043,-95.18997915697692,,user
Chewy - HOU1,13250 Crosby Rd,187577,HOU1,Houston,TX,6320,CREW,2026-06-30 05:55,2026-06-30 13:32,Closed,07:37,,"",29.824644973433237,-95.189899247366,,"",29.824640194919215,-95.18988063658898,,user
Chewy - HOU1,13250 Crosby Rd,187577,HOU1,Houston,TX,6586,CREW,2026-06-30 05:55,2026-06-30 12:02,Closed,06:07,,"",29.8245243,-95.1897757,,"",29.8244018,-95.1896713,,user
Chewy - HOU1,13250 Crosby Rd,187577,HOU1,Houston,TX,1009,CREW,2026-06-30 05:58,2026-06-30 12:04,Closed,06:06,,"",29.824675162664434,-95.1899217497851,,"",29.824675162664434,-95.1899217497851,,user
Chewy - HOU1,13250 Crosby Rd,187577,HOU1,Houston,TX,6067,CREW,2026-06-30 05:59,2026-06-30 12:03,Closed,06:04,,"",29.824728067698402,-95.18996007581615,,"",29.824724806514233,-95.18998063866918,,user
Chewy - HOU1,13250 Crosby Rd,187577,HOU1,Houston,TX,5794,CREW,2026-06-30 06:00,2026-06-30 12:01,Closed,06:01,,"",29.8248744,-95.1890347,,"",29.8243365,-95.1895032,,user
Chewy - HOU1,13250 Crosby Rd,187577,HOU1,Houston,TX,6532,CREW,2026-06-30 06:00,2026-06-30 12:00,Closed,06:00,,"",29.822553099999997,-95.19722859999999,,"",29.8250411,-95.1910492,,user
Chewy - HOU1,13250 Crosby Rd,187577,HOU1,Houston,TX,1276,CREW,2026-06-30 06:03,2026-06-30 12:00,Closed,05:57,,"",29.8242718,-95.1929579,,"",29.8241007,-95.192023,,user
Chewy - HOU1,13250 Crosby Rd,187577,HOU1,Houston,TX,2189,CREW,2026-06-30 06:03,2026-06-30 12:00,Closed,05:57,,"",29.8233267,-95.1949317,,"",29.8244306,-95.1895158,,user
Chewy - HOU1,13250 Crosby Rd,187577,HOU1,Houston,TX,4156,CREW,2026-06-30 06:03,2026-06-30 12:00,Closed,05:57,,"",29.824555,-95.1923367,,"",29.8244384,-95.1896074,,user
Chewy - HOU1,13250 Crosby Rd,187577,HOU1,Houston,TX,9496,CREW,2026-06-30 06:04,2026-06-30 12:05,Closed,06:01,,"",29.822776213448893,-95.19670978525923,,"",29.824716466110683,-95.18996103285384,,user
Chewy - HOU1,13250 Crosby Rd,187577,HOU1,Houston,TX,9318,CREW,2026-06-30 06:04,2026-06-30 12:00,Closed,05:56,,"",29.822937934828552,-95.19631382097889,,"",29.824728404621307,-95.18996761249451,,user
Chewy - HOU1,13250 Crosby Rd,187577,HOU1,Houston,TX,6586,CREW,2026-06-30 12:59,2026-06-30 17:00,Closed,04:01,,"",29.8244726,-95.1896701,,"",29.8251544,-95.1898211,,user
Chewy - HOU1,13250 Crosby Rd,187577,HOU1,Houston,TX,4156,CREW,2026-06-30 12:59,2026-06-30 17:02,Closed,04:03,,"",29.8245044,-95.1896156,,"",29.8251008,-95.1903166,,user
Chewy - HOU1,13250 Crosby Rd,187577,HOU1,Houston,TX,9496,CREW,2026-06-30 12:59,2026-06-30 17:12,Closed,04:13,,"",29.824726386206407,-95.18998275148097,,"",29.807782911254368,-95.18266651418504,,geofence
Chewy - HOU1,13250 Crosby Rd,187577,HOU1,Houston,TX,1009,CREW,2026-06-30 12:59,2026-06-30 17:01,Closed,04:02,,"",29.824675162664434,-95.1899217497851,,"",29.824675162664434,-95.1899217497851,,user
Chewy - HOU1,13250 Crosby Rd,187577,HOU1,Houston,TX,6067,CREW,2026-06-30 13:00,2026-06-30 17:00,Closed,04:00,,"",29.824724378348293,-95.18998057607719,,"",29.824729587665814,-95.18996126908372,,user
Chewy - HOU1,13250 Crosby Rd,187577,HOU1,Houston,TX,0957,CREW,2026-06-30 13:00,2026-06-30 17:01,Closed,04:01,,"",29.824720914423835,-95.18997694334574,,"",29.82913101773992,-95.19042644301503,,user
Chewy - HOU1,13250 Crosby Rd,187577,HOU1,Houston,TX,2189,CREW,2026-06-30 13:00,2026-06-30 17:02,Closed,04:02,,"",29.8244717,-95.1896008,,"",29.8249349,-95.1903416,,user
Chewy - HOU1,13250 Crosby Rd,187577,HOU1,Houston,TX,9318,CREW,2026-06-30 13:00,2026-06-30 17:00,Closed,04:00,,"",29.824712628817316,-95.18995770733387,,"",29.8247233621687,-95.18995543487601,,user
Chewy - HOU1,13250 Crosby Rd,187577,HOU1,Houston,TX,6261,CREW,2026-06-30 13:00,2026-06-30 17:03,Closed,04:03,,"",29.8244792,-95.1896646,,"",29.8291016,-95.1922577,,user
Chewy - HOU1,13250 Crosby Rd,187577,HOU1,Houston,TX,1276,CREW,2026-06-30 13:00,2026-06-30 17:05,Closed,04:05,,"",29.8250417,-95.1902156,,"",29.8250577,-95.1904447,,user
Chewy - HOU1,13250 Crosby Rd,187577,HOU1,Houston,TX,3675,CREW,2026-06-30 13:00,2026-06-30 17:00,Closed,04:00,,"",29.824722387633965,-95.18997908261176,,"",29.82489068576753,-95.19003378527051,,user
Chewy - HOU1,13250 Crosby Rd,187577,HOU1,Houston,TX,6532,CREW,2026-06-30 13:00,2026-06-30 17:06,Closed,04:06,,"",29.8249628,-95.19050450000002,,"",29.8249628,-95.1905041,,user
Chewy - HOU1,13250 Crosby Rd,187577,HOU1,Houston,TX,5794,CREW,2026-06-30 13:00,2026-06-30 17:03,Closed,04:03,,"",29.8243838,-95.1895189,,"",29.8245371,-95.1896374,,user
Chewy - HOU1,13250 Crosby Rd,187577,HOU1,Houston,TX,6320,CREW,2026-06-30 14:30,2026-06-30 17:01,Closed,02:31,,"",29.824678312043815,-95.18997091845509,,"",29.824597172387747,-95.19003445638772,,user
Chewy - HOU1,13250 Crosby Rd,187577,HOU1,Houston,TX,0000,CREW,2026-06-30 18:20,2026-07-01 00:30,Closed,06:10,,"",29.824713941236585,-95.1899477943356,,"",29.82510866413702,-95.19015299944296,,user
Chewy - HOU1,13250 Crosby Rd,187577,HOU1,Houston,TX,3701,CREW,2026-06-30 18:28,2026-07-01 00:30,Closed,06:02,,"",29.824712263721157,-95.1899429404992,,"",29.824698597816216,-95.18994781535852,,user
Chewy - HOU1,13250 Crosby Rd,187577,HOU1,Houston,TX,8216,CREW,2026-06-30 18:28,2026-07-01 00:33,Closed,06:05,,"",29.824622658175972,-95.1898763496825,,"",29.824598882736417,-95.18984567274084,,user
Chewy - HOU1,13250 Crosby Rd,187577,HOU1,Houston,TX,480474019,CREW,2026-06-30 18:28,2026-07-01 00:35,Closed,06:07,,"",29.8244705,-95.1895348,,"",29.8244409,-95.1896351,,user
Chewy - HOU1,13250 Crosby Rd,187577,HOU1,Houston,TX,7085,CREW,2026-06-30 18:28,2026-07-01 00:34,Closed,06:06,,"",29.824674830414747,-95.18993273172464,,"",29.82465536178084,-95.18986506058059,,user
Chewy - HOU1,13250 Crosby Rd,187577,HOU1,Houston,TX,3155,CREW,2026-06-30 18:29,2026-07-01 00:30,Closed,06:01,,"",29.8247179005268,-95.18995852778505,,"",29.824722762131355,-95.18997619712847,,user
Chewy - HOU1,13250 Crosby Rd,187577,HOU1,Houston,TX,7204,CREW,2026-06-30 18:29,2026-07-01 00:33,Closed,06:04,,"",29.824606018158743,-95.18993996966609,,"",29.824524020260824,-95.1897047619561,,user
Chewy - HOU1,13250 Crosby Rd,187577,HOU1,Houston,TX,6007,CREW,2026-06-30 18:30,2026-07-01 00:34,Closed,06:04,,"",29.8245001,-95.1897266,,"",29.82435,-95.189547,,user
Chewy - HOU1,13250 Crosby Rd,187577,HOU1,Houston,TX,8398,CREW,2026-06-30 18:30,2026-07-01 00:30,Closed,06:00,,"",29.8244697,-95.1897436,,"",29.8244566,-95.1897985,,user
Chewy - HOU1,13250 Crosby Rd,187577,HOU1,Houston,TX,2712,CREW,2026-06-30 18:30,2026-07-01 00:31,Closed,06:01,,"",29.824637222124753,-95.18994011608366,,"",29.824662532116488,-95.18993764986945,,user
Chewy - HOU1,13250 Crosby Rd,187577,HOU1,Houston,TX,0000,CREW,2026-07-01 01:29,2026-07-01 05:33,Closed,04:04,,"",29.82544912886627,-95.19023883007587,,"",29.82543165834608,-95.19019982285076,,user
Chewy - HOU1,13250 Crosby Rd,187577,HOU1,Houston,TX,2712,CREW,2026-07-01 01:30,2026-07-01 05:30,Closed,04:00,,"",29.824627693374783,-95.18989784280706,,"",29.82491495922439,-95.1897422598709,,user
Chewy - HOU1,13250 Crosby Rd,187577,HOU1,Houston,TX,8216,CREW,2026-07-01 01:30,2026-07-01 05:30,Closed,04:00,,"",29.824660820333822,-95.18993260255269,,"",29.824663134601206,-95.18997195399979,,user
Chewy - HOU1,13250 Crosby Rd,187577,HOU1,Houston,TX,3701,CREW,2026-07-01 01:30,2026-07-01 05:30,Closed,04:00,,"",29.825459106866298,-95.1902209155216,,"",29.82728280740511,-95.19023416246843,,user
Chewy - HOU1,13250 Crosby Rd,187577,HOU1,Houston,TX,3155,CREW,2026-07-01 01:30,2026-07-01 05:30,Closed,04:00,,"",29.825469078799852,-95.1902309190922,,"",29.825457602664507,-95.19022253404843,,user
Chewy - HOU1,13250 Crosby Rd,187577,HOU1,Houston,TX,8398,CREW,2026-07-01 01:30,2026-07-01 05:30,Closed,04:00,,"",29.825365,-95.1902483,,"",29.824416,-95.1895574,,user
Chewy - HOU1,13250 Crosby Rd,187577,HOU1,Houston,TX,7204,CREW,2026-07-01 01:30,2026-07-01 05:32,Closed,04:02,,"",29.8246332604101,-95.18991706553535,,"",29.82465643831805,-95.1899085646906,,user
Chewy - HOU1,13250 Crosby Rd,187577,HOU1,Houston,TX,6007,CREW,2026-07-01 01:30,2026-07-01 05:32,Closed,04:02,,"",29.8243905,-95.1896595,,"",29.8244757,-95.1896367,,user
Chewy - HOU1,13250 Crosby Rd,187577,HOU1,Houston,TX,7085,CREW,2026-07-01 01:31,2026-07-01 05:31,Closed,04:00,,"",29.824634961173803,-95.18986960264431,,"",29.824625208170676,-95.18993526219346,,user
Chewy - HOU1,13250 Crosby Rd,187577,HOU1,Houston,TX,480474019,CREW,2026-07-01 01:31,2026-07-01 05:31,Closed,04:00,,"",29.824359,-95.1895495,,"",29.8244701,-95.1896362,,user
Chewy - HOU1,13250 Crosby Rd,187577,HOU1,Houston,TX,6586,CREW,2026-07-01 05:54,2026-07-01 12:00,Closed,06:06,,"",29.8251384,-95.1898373,,"",29.8243697,-95.1894851,,user
Chewy - HOU1,13250 Crosby Rd,187577,HOU1,Houston,TX,0957,CREW,2026-07-01 05:55,2026-07-01 12:00,Closed,06:05,,"",29.82473063942602,-95.19003835135469,,"",29.82472012887676,-95.18996695195904,,user
Chewy - HOU1,13250 Crosby Rd,187577,HOU1,Houston,TX,3675,CREW,2026-07-01 05:55,2026-07-01 12:00,Closed,06:05,,"",29.82472011593592,-95.18997690233641,,"",29.824722571073703,-95.18997438657665,,user
Chewy - HOU1,13250 Crosby Rd,187577,HOU1,Houston,TX,6261,CREW,2026-07-01 05:55,2026-07-01 12:02,Closed,06:07,,"",29.8244051,-95.1896158,,"",29.8291016,-95.1922577,,user
Chewy - HOU1,13250 Crosby Rd,187577,HOU1,Houston,TX,6320,CREW,2026-07-01 05:55,2026-07-01 13:32,Closed,07:37,,"",29.824632181090355,-95.18986266049646,,"",29.82459726106046,-95.18982630726812,,user
Chewy - HOU1,13250 Crosby Rd,187577,HOU1,Houston,TX,1009,CREW,2026-07-01 05:58,2026-07-01 12:01,Closed,06:03,,"",29.82467422319867,-95.18992115096373,,"",29.82467422319867,-95.18992115096373,,user
Chewy - HOU1,13250 Crosby Rd,187577,HOU1,Houston,TX,5794,CREW,2026-07-01 05:58,2026-07-01 12:01,Closed,06:03,,"",29.8263224,-95.1887166,,"",29.8243461,-95.1895011,,user
Chewy - HOU1,13250 Crosby Rd,187577,HOU1,Houston,TX,6067,CREW,2026-07-01 05:59,2026-07-01 12:00,Closed,06:01,,"",29.824732127887646,-95.18996369843273,,"",29.824724850798617,-95.18998043234899,,user
Chewy - HOU1,13250 Crosby Rd,187577,HOU1,Houston,TX,6532,CREW,2026-07-01 06:02,2026-07-01 12:01,Closed,05:59,,"",29.8229398,-95.19638320000001,,"",29.824953700000002,-95.1912403,,user
Chewy - HOU1,13250 Crosby Rd,187577,HOU1,Houston,TX,9318,CREW,2026-07-01 06:02,2026-07-01 12:15,Closed,06:13,,"",29.822583397561665,-95.19708360543744,,"",29.8247098042323,-95.1899634730874,,user
Chewy - HOU1,13250 Crosby Rd,187577,HOU1,Houston,TX,9496,CREW,2026-07-01 06:03,2026-07-01 12:01,Closed,05:58,,"",29.824030381351697,-95.19330288786992,,"",29.824728357431546,-95.18995881262273,,user
Chewy - HOU1,13250 Crosby Rd,187577,HOU1,Houston,TX,1276,CREW,2026-07-01 06:03,2026-07-01 12:00,Closed,05:57,,"",29.8233737,-95.1949202,,"",29.8250523,-95.19137,,user
Chewy - HOU1,13250 Crosby Rd,187577,HOU1,Houston,TX,4156,CREW,2026-07-01 06:06,2026-07-01 12:01,Closed,05:55,,"",29.82326,-95.1951917,,"",29.8243785,-95.1895846,,user
Chewy - HOU1,13250 Crosby Rd,187577,HOU1,Houston,TX,2189,CREW,2026-07-01 06:06,2026-07-01 12:00,Closed,05:54,,"",29.8239783,-95.1913333,,"",29.8244755,-95.1896383,,user
Chewy - HOU1,13250 Crosby Rd,187577,HOU1,Houston,TX,6586,CREW,2026-07-01 12:57,2026-07-01 17:00,Closed,04:03,,"",29.8243543,-95.1894612,,"",29.8251518,-95.1898921,,user
Chewy - HOU1,13250 Crosby Rd,187577,HOU1,Houston,TX,4156,CREW,2026-07-01 12:59,2026-07-01 17:01,Closed,04:02,,"",29.8243895,-95.1896046,,"",29.8250679,-95.190134,,user
Chewy - HOU1,13250 Crosby Rd,187577,HOU1,Houston,TX,9496,CREW,2026-07-01 12:59,2026-07-01 17:00,Closed,04:01,,"",29.82472868655294,-95.18998550501541,,"",29.824724666796875,-95.18995792655302,,user
Chewy - HOU1,13250 Crosby Rd,187577,HOU1,Houston,TX,9318,CREW,2026-07-01 13:00,2026-07-01 17:00,Closed,04:00,,"",,,,"",,,,
Chewy - HOU1,13250 Crosby Rd,187577,HOU1,Houston,TX,6067,CREW,2026-07-01 13:00,2026-07-01 17:00,Closed,04:00,,"",29.82472128841486,-95.1899759772985,,"",29.82472448514647,-95.18998061019396,,user
Chewy - HOU1,13250 Crosby Rd,187577,HOU1,Houston,TX,1009,CREW,2026-07-01 13:00,2026-07-01 17:00,Closed,04:00,,"",29.82467422319867,-95.18992115096373,,"",29.82467422319867,-95.18992115096373,,user
Chewy - HOU1,13250 Crosby Rd,187577,HOU1,Houston,TX,0957,CREW,2026-07-01 13:00,2026-07-01 17:00,Closed,04:00,,"",29.824716890900444,-95.1899660394352,,"",29.83126319193712,-95.19107977546858,,user
Chewy - HOU1,13250 Crosby Rd,187577,HOU1,Houston,TX,6532,CREW,2026-07-01 13:00,2026-07-01 17:00,Closed,04:00,,"",29.82508198884716,-95.19019933653303,,"",29.825127800000004,-95.19019000000002,,user
Chewy - HOU1,13250 Crosby Rd,187577,HOU1,Houston,TX,6261,CREW,2026-07-01 13:00,2026-07-01 17:00,Closed,04:00,,"",29.8246161,-95.1896442,,"",29.8244033,-95.1895791,,user
Chewy - HOU1,13250 Crosby Rd,187577,HOU1,Houston,TX,3675,CREW,2026-07-01 13:00,2026-07-01 17:00,Closed,04:00,,"",29.824718920145074,-95.1899760015004,,"",29.824912031449845,-95.18994560842273,,user
Chewy - HOU1,13250 Crosby Rd,187577,HOU1,Houston,TX,2189,CREW,2026-07-01 13:00,2026-07-01 17:00,Closed,04:00,,"",29.8244661,-95.1896624,,"",29.8251017,-95.190135,,user
Chewy - HOU1,13250 Crosby Rd,187577,HOU1,Houston,TX,5794,CREW,2026-07-01 13:00,2026-07-01 17:01,Closed,04:01,,"",29.8243808,-95.1895523,,"",29.8245788,-95.1896542,,user
Chewy - HOU1,13250 Crosby Rd,187577,HOU1,Houston,TX,1276,CREW,2026-07-01 13:01,2026-07-01 17:00,Closed,03:59,,"",29.8250941,-95.1901847,,"",29.8250932,-95.1902192,,user
Chewy - HOU1,13250 Crosby Rd,187577,HOU1,Houston,TX,6320,CREW,2026-07-01 14:30,2026-07-01 17:00,Closed,02:30,,"",29.824620282722407,-95.18983816911762,,"",29.824673714096317,-95.18993458625278,,user
Chewy - HOU1,13250 Crosby Rd,187577,HOU1,Houston,TX,0000,CREW,2026-07-01 18:19,2026-07-02 00:33,Closed,06:14,,"",29.82469353226937,-95.1899960757811,,"",29.825493875256676,-95.19032983764481,,user
Chewy - HOU1,13250 Crosby Rd,187577,HOU1,Houston,TX,3701,CREW,2026-07-01 18:28,2026-07-02 00:31,Closed,06:03,,"",29.824725392660678,-95.18996841802398,,"",29.82548365765535,-95.19026310976754,,user
Chewy - HOU1,13250 Crosby Rd,187577,HOU1,Houston,TX,480474019,CREW,2026-07-01 18:28,2026-07-02 00:30,Closed,06:02,,"",29.824435,-95.1895802,,"",29.8243728,-95.1895194,,user
Chewy - HOU1,13250 Crosby Rd,187577,HOU1,Houston,TX,3155,CREW,2026-07-01 18:28,2026-07-02 00:32,Closed,06:04,,"",29.82470661775751,-95.18994795095703,,"",29.82548640112376,-95.19031835728808,,user
Chewy - HOU1,13250 Crosby Rd,187577,HOU1,Houston,TX,7204,CREW,2026-07-01 18:29,2026-07-02 00:30,Closed,06:01,,"",29.824616737388922,-95.1898505665777,,"",29.824535568956765,-95.18974160087572,,user
Chewy - HOU1,13250 Crosby Rd,187577,HOU1,Houston,TX,8216,CREW,2026-07-01 18:30,2026-07-02 00:30,Closed,06:00,,"",29.824655610628994,-95.18990672912194,,"",29.82464384636047,-95.18991894969847,,user
Chewy - HOU1,13250 Crosby Rd,187577,HOU1,Houston,TX,8398,CREW,2026-07-01 18:30,2026-07-02 00:30,Closed,06:00,,"",29.8244436,-95.189565,,"",29.8254224,-95.1902066,,user
Chewy - HOU1,13250 Crosby Rd,187577,HOU1,Houston,TX,6007,CREW,2026-07-01 18:30,2026-07-02 00:30,Closed,06:00,,"",29.8243998,-95.1896027,,"",29.8244037,-95.1895965,,user
Chewy - HOU1,13250 Crosby Rd,187577,HOU1,Houston,TX,2712,CREW,2026-07-01 19:15,2026-07-02 00:32,Closed,05:17,,"",29.826326226189284,-95.18896086989966,,"",29.824704848764117,-95.1899683010459,,user
Chewy - HOU1,13250 Crosby Rd,187577,HOU1,Houston,TX,3701,CREW,2026-07-02 01:30,2026-07-02 05:30,Closed,04:00,,"",29.825484090295728,-95.1902541948797,,"",29.82548409610039,-95.19032615245803,,user
Chewy - HOU1,13250 Crosby Rd,187577,HOU1,Houston,TX,8216,CREW,2026-07-02 01:30,2026-07-02 05:30,Closed,04:00,,"",29.824688189120884,-95.18997941870595,,"",29.824872857391814,-95.190073002229,,user
Chewy - HOU1,13250 Crosby Rd,187577,HOU1,Houston,TX,7204,CREW,2026-07-02 01:30,2026-07-02 05:31,Closed,04:01,,"",29.824653702940278,-95.18991728373749,,"",29.824750641593766,-95.18998553817113,,user
Chewy - HOU1,13250 Crosby Rd,187577,HOU1,Houston,TX,6007,CREW,2026-07-02 01:30,2026-07-02 05:30,Closed,04:00,,"",29.8244574,-95.1896144,,"",29.8247551,-95.1900022,,user
Chewy - HOU1,13250 Crosby Rd,187577,HOU1,Houston,TX,480474019,CREW,2026-07-02 01:30,2026-07-02 05:30,Closed,04:00,,"",29.8244208,-95.189713,,"",29.8246966,-95.1901115,,user
Chewy - HOU1,13250 Crosby Rd,187577,HOU1,Houston,TX,3155,CREW,2026-07-02 01:30,2026-07-02 05:32,Closed,04:02,,"",29.82783454155398,-95.19037788748506,,"",29.824901523067858,-95.1905374711267,,user
Chewy - HOU1,13250 Crosby Rd,187577,HOU1,Houston,TX,8398,CREW,2026-07-02 01:30,2026-07-02 05:30,Closed,04:00,,"",29.825435,-95.1902583,,"",29.8244135,-95.1898581,,user
Chewy - HOU1,13250 Crosby Rd,187577,HOU1,Houston,TX,0000,CREW,2026-07-02 01:30,2026-07-02 05:30,Closed,04:00,,"",29.825486873007467,-95.19025920306154,,"",29.825409688810836,-95.19032430983428,,user
Chewy - HOU1,13250 Crosby Rd,187577,HOU1,Houston,TX,2712,CREW,2026-07-02 01:31,2026-07-02 05:32,Closed,04:01,,"",29.82470509762506,-95.18992874555391,,"",29.8287210908368,-95.18981218347295,,user
Chewy - HOU1,13250 Crosby Rd,187577,HOU1,Houston,TX,6586,CREW,2026-07-02 05:55,2026-07-02 12:02,Closed,06:07,,"",29.8251733,-95.1898005,,"",29.8244806,-95.1896598,,user
Chewy - HOU1,13250 Crosby Rd,187577,HOU1,Houston,TX,0957,CREW,2026-07-02 05:55,2026-07-02 12:00,Closed,06:05,,"",29.824719357528846,-95.1899508664275,,"",29.8247168485928,-95.1899665602961,,user
Chewy - HOU1,13250 Crosby Rd,187577,HOU1,Houston,TX,6261,CREW,2026-07-02 05:55,2026-07-02 12:00,Closed,06:05,,"",29.8243626,-95.1895501,,"",29.8244434,-95.1896021,,user
Chewy - HOU1,13250 Crosby Rd,187577,HOU1,Houston,TX,6320,CREW,2026-07-02 05:55,2026-07-02 13:30,Closed,07:35,,"",29.825241977366726,-95.18981910433929,,"",29.824672739557883,-95.18999731695835,,user
Chewy - HOU1,13250 Crosby Rd,187577,HOU1,Houston,TX,3675,CREW,2026-07-02 05:55,2026-07-02 12:00,Closed,06:05,,"",29.824732669328945,-95.1899651709609,,"",29.824719946837362,-95.1899765899915,,user
Chewy - HOU1,13250 Crosby Rd,187577,HOU1,Houston,TX,6067,CREW,2026-07-02 05:59,2026-07-02 12:02,Closed,06:03,,"",29.824727893966905,-95.18996014926313,,"",29.824715703861493,-95.18996783823391,,user
Chewy - HOU1,13250 Crosby Rd,187577,HOU1,Houston,TX,1009,CREW,2026-07-02 06:00,2026-07-02 12:02,Closed,06:02,,"",29.824673894263604,-95.1899209417474,,"",29.824673894263604,-95.1899209417474,,user
Chewy - HOU1,13250 Crosby Rd,187577,HOU1,Houston,TX,5794,CREW,2026-07-02 06:00,2026-07-02 12:00,Closed,06:00,,"",29.8242416,-95.1930395,,"",29.8244352,-95.1894762,,user
Chewy - HOU1,13250 Crosby Rd,187577,HOU1,Houston,TX,6532,CREW,2026-07-02 06:01,2026-07-02 12:02,Closed,06:01,,"",29.822641700000002,-95.19708010000001,,"",29.824625340059814,-95.18987683345934,,user
Chewy - HOU1,13250 Crosby Rd,187577,HOU1,Houston,TX,9318,CREW,2026-07-02 06:02,2026-07-02 12:01,Closed,05:59,,"",29.822609289527193,-95.19702839979416,,"",29.824728134492617,-95.18996742645449,,user
Chewy - HOU1,13250 Crosby Rd,187577,HOU1,Houston,TX,9496,CREW,2026-07-02 06:02,2026-07-02 12:00,Closed,05:58,,"",29.822809742115883,-95.19661391045487,,"",29.824720806639025,-95.18995518036732,,user
Chewy - HOU1,13250 Crosby Rd,187577,HOU1,Houston,TX,1276,CREW,2026-07-02 06:02,2026-07-02 12:00,Closed,05:58,,"",29.8260591,-95.1895133,,"",29.8243144,-95.1919256,,user
Chewy - HOU1,13250 Crosby Rd,187577,HOU1,Houston,TX,2189,CREW,2026-07-02 06:07,2026-07-02 12:00,Closed,05:53,,"",29.82258,-95.19709,,"",29.8245469,-95.1896205,,user
Chewy - HOU1,13250 Crosby Rd,187577,HOU1,Houston,TX,4156,CREW,2026-07-02 06:08,2026-07-02 12:00,Closed,05:52,,"",29.823605,-95.1939017,,"",29.8244062,-95.1896701,,user
Chewy - HOU1,13250 Crosby Rd,187577,HOU1,Houston,TX,6586,CREW,2026-07-02 12:59,2026-07-02 17:01,Closed,04:02,,"",29.8244943,-95.1897363,,"",29.825148,-95.189841,,user
Chewy - HOU1,13250 Crosby Rd,187577,HOU1,Houston,TX,6067,PORTER-MAID,2026-07-02 12:59,2026-07-02 17:01,Closed,04:02,,"",29.824724171372107,-95.1899805430144,,"",29.824698775481366,-95.18994333280838,,user
Chewy - HOU1,13250 Crosby Rd,187577,HOU1,Houston,TX,6261,CREW,2026-07-02 13:00,2026-07-02 17:00,Closed,04:00,,"",29.8245139,-95.1897351,,"",29.8291016,-95.1922577,,user
Chewy - HOU1,13250 Crosby Rd,187577,HOU1,Houston,TX,9496,CREW,2026-07-02 13:00,2026-07-02 17:00,Closed,04:00,,"",29.82471982612469,-95.18995552359594,,"",29.824909600457012,-95.19055791208072,,user
Chewy - HOU1,13250 Crosby Rd,187577,HOU1,Houston,TX,0957,CREW,2026-07-02 13:00,2026-07-02 17:01,Closed,04:01,,"",29.824716678210613,-95.18996653087596,,"",29.82516426395624,-95.18979136023927,,user
Chewy - HOU1,13250 Crosby Rd,187577,HOU1,Houston,TX,1009,CREW,2026-07-02 13:00,2026-07-02 16:59,Closed,03:59,,"",29.824673894263604,-95.1899209417474,,"",29.824673894263604,-95.1899209417474,,user
Chewy - HOU1,13250 Crosby Rd,187577,HOU1,Houston,TX,3675,CREW,2026-07-02 13:00,2026-07-02 17:00,Closed,04:00,,"",29.824719388854568,-95.18997651474925,,"",29.82469455360362,-95.18963972013083,,user
Chewy - HOU1,13250 Crosby Rd,187577,HOU1,Houston,TX,1276,CREW,2026-07-02 13:00,2026-07-02 17:02,Closed,04:02,,"",29.8251191,-95.1903778,,"",29.8251181,-95.1903625,,user
Chewy - HOU1,13250 Crosby Rd,187577,HOU1,Houston,TX,6532,CREW,2026-07-02 13:00,2026-07-02 17:02,Closed,04:02,,"",29.82468208864925,-95.18997883670394,,"",29.825122899999997,-95.19036599999998,,user
Chewy - HOU1,13250 Crosby Rd,187577,HOU1,Houston,TX,2189,CREW,2026-07-02 13:00,2026-07-02 17:01,Closed,04:01,,"",29.8243478,-95.1895135,,"",29.8251345,-95.1901491,,user
Chewy - HOU1,13250 Crosby Rd,187577,HOU1,Houston,TX,9318,CREW,2026-07-02 13:00,2026-07-02 17:00,Closed,04:00,,"",29.824716859605562,-95.18996832227558,,"",29.824934811366287,-95.19057450757917,,user
Chewy - HOU1,13250 Crosby Rd,187577,HOU1,Houston,TX,4156,CREW,2026-07-02 13:00,2026-07-02 17:00,Closed,04:00,,"",29.8243926,-95.1896189,,"",29.8250998,-95.1902038,,user
Chewy - HOU1,13250 Crosby Rd,187577,HOU1,Houston,TX,5794,CREW,2026-07-02 13:01,2026-07-02 17:00,Closed,03:59,,"",29.8246484,-95.1896931,,"",29.8244488,-95.1895597,,user
Chewy - HOU1,13250 Crosby Rd,187577,HOU1,Houston,TX,6320,CREW,2026-07-02 14:31,2026-07-02 17:00,Closed,02:29,,"",29.82467947139249,-95.18996166584317,,"",29.824624605984642,-95.18992195737306,,user
Chewy - HOU1,13250 Crosby Rd,187577,HOU1,Houston,TX,2932,CREW,2026-07-03 05:57,2026-07-03 11:59,Closed,06:02,,"",29.82274371207117,-95.1966363169411,,"",29.824615740068065,-95.18991945254857,,user
Chewy - HOU1,13250 Crosby Rd,187577,HOU1,Houston,TX,1703,CREW,2026-07-03 05:57,2026-07-03 12:00,Closed,06:03,,"",29.823413482044828,-95.19463085096572,,"",29.824636890594707,-95.18988276711,,user
Chewy - HOU1,13250 Crosby Rd,187577,HOU1,Houston,TX,1308,CREW,2026-07-03 06:00,2026-07-03 12:01,Closed,06:01,,"",29.8244953,-95.1896724,,"",29.8244351,-95.1894628,,user
Chewy - HOU1,13250 Crosby Rd,187577,HOU1,Houston,TX,7545,PORTER-MAID,2026-07-03 06:00,2026-07-03 12:00,Closed,06:00,,"",29.8244428,-95.1896037,,"",29.824176,-95.1895204,,user
Chewy - HOU1,13250 Crosby Rd,187577,HOU1,Houston,TX,9087,CREW,2026-07-03 06:04,2026-07-03 12:00,Closed,05:56,,"",29.82473028139028,-95.18999694515131,,"",29.82470641638249,-95.18994619481892,,user
Chewy - HOU1,13250 Crosby Rd,187577,HOU1,Houston,TX,8251,CREW,2026-07-03 06:10,2026-07-03 12:00,Closed,05:50,,"",29.823762041682503,-95.19385644029025,,"",29.824605193879435,-95.18984444065512,,user
Chewy - HOU1,13250 Crosby Rd,187577,HOU1,Houston,TX,8536,CREW,2026-07-03 08:32,2026-07-03 08:40,Closed,00:08,,"",29.824629814390285,-95.1919904767668,,"",29.823185603257322,-95.19811336883507,,geofence
Chewy - HOU1,13250 Crosby Rd,187577,HOU1,Houston,TX,8536,CREW,2026-07-03 08:45,2026-07-03 12:00,Closed,03:15,,"",29.824871068128154,-95.18836078845491,,"",29.824657272287432,-95.18993235655475,,user
Chewy - HOU1,13250 Crosby Rd,187577,HOU1,Houston,TX,2932,CREW,2026-07-03 12:54,2026-07-03 19:00,Closed,06:06,,"",29.824674622947324,-95.18992356795272,,"",29.824643904746967,-95.189884169057,,user
Chewy - HOU1,13250 Crosby Rd,187577,HOU1,Houston,TX,9087,CREW,2026-07-03 12:54,2026-07-03 19:01,Closed,06:07,,"",29.8247015143086,-95.1899508973662,,"",29.82469948260466,-95.18993369173444,,user
Chewy - HOU1,13250 Crosby Rd,187577,HOU1,Houston,TX,8251,CREW,2026-07-03 12:54,2026-07-03 19:06,Closed,06:12,,"",29.82462701124589,-95.18987845206836,,"",29.824991808858595,-95.19067313836065,,user
Chewy - HOU1,13250 Crosby Rd,187577,HOU1,Houston,TX,1703,CREW,2026-07-03 12:59,2026-07-03 19:00,Closed,06:01,,"",29.824667617388545,-95.18993950901992,,"",29.824633206313234,-95.189879018063,,user
Chewy - HOU1,13250 Crosby Rd,187577,HOU1,Houston,TX,1308,CREW,2026-07-03 13:00,2026-07-03 19:00,Closed,06:00,,"",29.8245153,-95.1894848,,"",29.8246252,-95.1894401,,user
Chewy - HOU1,13250 Crosby Rd,187577,HOU1,Houston,TX,8536,CREW,2026-07-03 13:00,2026-07-03 19:02,Closed,06:02,,"",29.824645456932778,-95.18991721382167,,"",29.824606532588167,-95.18985893293139,,user
Chewy - HOU1,13250 Crosby Rd,187577,HOU1,Houston,TX,7545,PORTER-MAID,2026-07-03 13:02,2026-07-03 19:00,Closed,05:58,,"",29.8244991,-95.189648,,"",29.8243638,-95.1894921,,user
Chewy - HOU1,13250 Crosby Rd,187577,HOU1,Houston,TX,8536,CREW,2026-07-04 06:00,2026-07-04 12:02,Closed,06:02,,"",29.82508799062664,-95.19027922605535,,"",29.824641578913635,-95.18987449376438,,user
Chewy - HOU1,13250 Crosby Rd,187577,HOU1,Houston,TX,7545,PORTER-MAID,2026-07-04 06:01,2026-07-04 12:06,Closed,06:05,,"",29.8244774,-95.1896254,,"",29.8243977,-95.1895183,,user
Chewy - HOU1,13250 Crosby Rd,187577,HOU1,Houston,TX,1703,CREW,2026-07-04 06:02,2026-07-04 12:03,Closed,06:01,,"",29.82277393396681,-95.19670047237567,,"",29.826088474162457,-95.18997908330913,,user
Chewy - HOU1,13250 Crosby Rd,187577,HOU1,Houston,TX,2932,CREW,2026-07-04 06:02,2026-07-04 12:03,Closed,06:01,,"",29.82329051402588,-95.19534857022022,,"",29.82521192278431,-95.18976686355592,,user
Chewy - HOU1,13250 Crosby Rd,187577,HOU1,Houston,TX,9087,CREW,2026-07-04 06:02,2026-07-04 14:13,Closed,08:11,,"",29.826159467948436,-95.18927162522002,,"",29.82466298267182,-95.19000310231513,,user
Chewy - HOU1,13250 Crosby Rd,187577,HOU1,Houston,TX,8251,CREW,2026-07-04 06:22,2026-07-04 12:12,Closed,05:50,,"",29.824694442566308,-95.18994185751073,,"",29.828394799831198,-95.1839247259924,,user
Chewy - HOU1,13250 Crosby Rd,187577,HOU1,Houston,TX,9899,PORTER-MAID,2026-07-05 05:59,2026-07-05 12:01,Closed,06:02,,"",29.824684032755478,-95.18997861475749,,"",29.82464767217787,-95.18993641707709,,user
Chewy - HOU1,13250 Crosby Rd,187577,HOU1,Houston,TX,8536,CREW,2026-07-05 06:00,2026-07-05 12:00,Closed,06:00,,"",29.824727859820186,-95.19018467616915,,"",29.824659427499483,-95.18992177583284,,user
Chewy - HOU1,13250 Crosby Rd,187577,HOU1,Houston,TX,1308,CREW,2026-07-05 06:00,2026-07-05 12:00,Closed,06:00,,"",29.8245977,-95.1896561,,"",29.824392,-95.1894778,,user
Chewy - HOU1,13250 Crosby Rd,187577,HOU1,Houston,TX,9087,CREW,2026-07-05 06:01,2026-07-05 11:58,Closed,05:57,,"",29.826282598106026,-95.18927162522002,,"",29.82472967590111,-95.18999740530197,,user
Chewy - HOU1,13250 Crosby Rd,187577,HOU1,Houston,TX,7545,PORTER-MAID,2026-07-05 06:01,2026-07-05 12:03,Closed,06:02,,"",29.8244015,-95.1895521,,"",29.8244304,-95.1896145,,user
Chewy - HOU1,13250 Crosby Rd,187577,HOU1,Houston,TX,2932,CREW,2026-07-05 06:01,2026-07-05 12:10,Closed,06:09,,"",29.822522849041814,-95.1972472888669,,"",29.82462836286584,-95.18991194436254,,user
Chewy - HOU1,13250 Crosby Rd,187577,HOU1,Houston,TX,1703,CREW,2026-07-05 06:01,2026-07-05 12:00,Closed,05:59,,"",29.82277447096803,-95.19672320833841,,"",29.82464288915801,-95.18992700662136,,user
Chewy - HOU1,13250 Crosby Rd,187577,HOU1,Houston,TX,8251,CREW,2026-07-05 06:05,2026-07-05 12:10,Closed,06:05,,"",29.82319548972181,-95.19559762940483,,"",29.82457609879283,-95.18991460252083,,user
Chewy - HOU1,13250 Crosby Rd,187577,HOU1,Houston,TX,1308,CREW,2026-07-05 13:00,2026-07-05 19:00,Closed,06:00,,"",29.8244098,-95.1895116,,"",29.8245675,-95.1896257,,user
Chewy - HOU1,13250 Crosby Rd,187577,HOU1,Houston,TX,1703,CREW,2026-07-05 13:00,2026-07-05 19:00,Closed,06:00,,"",29.824643690209253,-95.18989531244844,,"",29.82463108998429,-95.18994535693265,,user
Chewy - HOU1,13250 Crosby Rd,187577,HOU1,Houston,TX,8536,CREW,2026-07-05 13:00,2026-07-05 19:01,Closed,06:01,,"",29.824618625455624,-95.18989171101907,,"",29.824621211982194,-95.18987448998406,,user
Chewy - HOU1,13250 Crosby Rd,187577,HOU1,Houston,TX,9899,PORTER-MAID,2026-07-05 13:00,2026-07-05 19:00,Closed,06:00,,"",29.824679178654254,-95.18999572713024,,"",29.82466826042924,-95.18993195040689,,user
Chewy - HOU1,13250 Crosby Rd,187577,HOU1,Houston,TX,2932,CREW,2026-07-05 13:00,2026-07-05 19:00,Closed,06:00,,"",29.82464138115352,-95.18992089388627,,"",29.824641041758778,-95.18989270150514,,user
Chewy - HOU1,13250 Crosby Rd,187577,HOU1,Houston,TX,8251,CREW,2026-07-05 13:00,2026-07-05 19:05,Closed,06:05,,"",29.824643755074803,-95.18990472722922,,"",29.825311769714972,-95.19132864781145,,user
Chewy - HOU1,13250 Crosby Rd,187577,HOU1,Houston,TX,7545,PORTER-MAID,2026-07-05 13:01,2026-07-05 19:00,Closed,05:59,,"",29.8244673,-95.1896347,,"",29.824395,-95.1895963,,user
Chewy - HOU1,13250 Crosby Rd,187577,HOU1,Houston,TX,9087,CREW,2026-07-05 13:05,2026-07-05 19:00,Closed,05:55,,"",29.82228552031318,-95.1909553720788,,"",29.824702055367887,-95.18994110270386,,user
Chewy - HOU1,13250 Crosby Rd,187577,HOU1,Houston,TX,0000,CREW,2026-07-05 18:18,2026-07-06 00:33,Closed,06:15,,"",29.824675749854674,-95.18996752015094,,"",29.824709349666488,-95.18996541177114,,user
Chewy - HOU1,13250 Crosby Rd,187577,HOU1,Houston,TX,2712,CREW,2026-07-05 18:21,2026-07-06 00:30,Closed,06:09,,"",29.824696623527846,-95.18994626081967,,"",29.824707254885283,-95.18993696251454,,user
Chewy - HOU1,13250 Crosby Rd,187577,HOU1,Houston,TX,3701,CREW,2026-07-05 18:25,2026-07-06 00:29,Closed,06:04,,"",29.82472463539893,-95.18995860663264,,"",29.824696211726952,-95.1899449734589,,user
Chewy - HOU1,13250 Crosby Rd,187577,HOU1,Houston,TX,480474019,CREW,2026-07-05 18:25,2026-07-06 00:29,Closed,06:04,,"",29.8244166,-95.1895423,,"",29.8243917,-95.1893838,,user
Chewy - HOU1,13250 Crosby Rd,187577,HOU1,Houston,TX,3155,CREW,2026-07-05 18:25,2026-07-06 00:30,Closed,06:05,,"",29.82471220886915,-95.18994586018364,,"",29.824707243165843,-95.18995859752782,,user
Chewy - HOU1,13250 Crosby Rd,187577,HOU1,Houston,TX,7085,CREW,2026-07-05 18:26,2026-07-06 00:30,Closed,06:04,,"",29.824590281105976,-95.18983771367807,,"",29.824647236971018,-95.18981803006078,,user
Chewy - HOU1,13250 Crosby Rd,187577,HOU1,Houston,TX,7204,CREW,2026-07-05 18:26,2026-07-06 00:30,Closed,06:04,,"",29.824638530395127,-95.18991640059969,,"",29.824559702781574,-95.18977663226781,,user
Chewy - HOU1,13250 Crosby Rd,187577,HOU1,Houston,TX,6007,CREW,2026-07-05 18:26,2026-07-06 00:30,Closed,06:04,,"",29.8244689,-95.1896642,,"",29.8244319,-95.1896286,,user
Chewy - HOU1,13250 Crosby Rd,187577,HOU1,Houston,TX,8216,CREW,2026-07-05 18:30,2026-07-06 00:30,Closed,06:00,,"",29.82461422229933,-95.18984307122167,,"",29.82470005621707,-95.18994763929688,,user
Chewy - HOU1,13250 Crosby Rd,187577,HOU1,Houston,TX,8398,CREW,2026-07-05 18:30,2026-07-06 00:30,Closed,06:00,,"",29.8244225,-95.1897058,,"",29.8243822,-95.1895778,,user
Chewy - HOU1,13250 Crosby Rd,187577,HOU1,Houston,TX,0000,CREW,2026-07-06 01:28,2026-07-06 05:30,Closed,04:02,,"",29.82470850564439,-95.18996020359322,,"",29.82509458443951,-95.18988512231729,,user
Chewy - HOU1,13250 Crosby Rd,187577,HOU1,Houston,TX,3701,CREW,2026-07-06 01:30,2026-07-06 05:30,Closed,04:00,,"",29.824702499409035,-95.18995676514758,,"",29.826920360340228,-95.18996199704256,,user
Chewy - HOU1,13250 Crosby Rd,187577,HOU1,Houston,TX,7085,CREW,2026-07-06 01:30,2026-07-06 05:30,Closed,04:00,,"",29.824634281910914,-95.18991652680872,,"",29.824720888564094,-95.18995563113359,,user
Chewy - HOU1,13250 Crosby Rd,187577,HOU1,Houston,TX,3155,CREW,2026-07-06 01:30,2026-07-06 05:30,Closed,04:00,,"",29.82470772049657,-95.1899578245721,,"",29.824993581638175,-95.19020687808792,,user
Chewy - HOU1,13250 Crosby Rd,187577,HOU1,Houston,TX,8216,CREW,2026-07-06 01:30,2026-07-06 05:30,Closed,04:00,,"",29.824654024684317,-95.18990466687002,,"",29.824668709447224,-95.18997942758341,,user
Chewy - HOU1,13250 Crosby Rd,187577,HOU1,Houston,TX,8398,CREW,2026-07-06 01:30,2026-07-06 05:30,Closed,04:00,,"",29.8244336,-95.1895548,,"",29.8244189,-95.189585,,user
Chewy - HOU1,13250 Crosby Rd,187577,HOU1,Houston,TX,480474019,CREW,2026-07-06 01:30,2026-07-06 05:30,Closed,04:00,,"",29.8244683,-95.1895351,,"",29.8244419,-95.189644,,user
Chewy - HOU1,13250 Crosby Rd,187577,HOU1,Houston,TX,6007,CREW,2026-07-06 01:31,2026-07-06 05:30,Closed,03:59,,"",29.824394,-95.1895758,,"",29.8244126,-95.1895311,,user
Chewy - HOU1,13250 Crosby Rd,187577,HOU1,Houston,TX,7204,CREW,2026-07-06 01:31,2026-07-06 05:34,Closed,04:03,,"",29.824657200926925,-95.18988006840662,,"",29.824623488693735,-95.18987491309328,,user
Chewy - HOU1,13250 Crosby Rd,187577,HOU1,Houston,TX,2712,CREW,2026-07-06 01:31,2026-07-06 05:31,Closed,04:00,,"",29.824708126915773,-95.18993128972936,,"",29.826927493871022,-95.19020691669512,,user
Chewy - HOU1,13250 Crosby Rd,187577,HOU1,Houston,TX,5794,CREW,2026-07-06 05:53,2026-07-06 12:00,Closed,06:07,,"",29.825832,-95.1900677,,"",29.8244563,-95.1896346,,user
Chewy - HOU1,13250 Crosby Rd,187577,HOU1,Houston,TX,6586,CREW,2026-07-06 05:55,2026-07-06 12:04,Closed,06:09,,"",29.8251664,-95.1898239,,"",29.8302988,-95.1893233,,user
Chewy - HOU1,13250 Crosby Rd,187577,HOU1,Houston,TX,0957,CREW,2026-07-06 05:56,2026-07-06 12:00,Closed,06:04,,"",29.82472062435945,-95.18995630175078,,"",29.82471495414043,-95.18996469347559,,user
Chewy - HOU1,13250 Crosby Rd,187577,HOU1,Houston,TX,3675,CREW,2026-07-06 05:56,2026-07-06 12:00,Closed,06:04,,"",29.824705005976682,-95.18993245011322,,"",29.824715553571213,-95.18996796348597,,user
Chewy - HOU1,13250 Crosby Rd,187577,HOU1,Houston,TX,6320,CREW,2026-07-06 05:56,2026-07-06 13:14,Closed,07:18,,"",29.824681162030828,-95.18995106090887,,"",29.82461742207583,-95.18994432756976,,user
Chewy - HOU1,13250 Crosby Rd,187577,HOU1,Houston,TX,1009,CREW,2026-07-06 05:58,2026-07-06 12:04,Closed,06:06,,"",29.824672808096327,-95.18992048802271,,"",29.824672808096327,-95.18992048802271,,user
Chewy - HOU1,13250 Crosby Rd,187577,HOU1,Houston,TX,6067,CREW,2026-07-06 05:59,2026-07-06 12:01,Closed,06:02,,"",29.824663026031853,-95.18990702582312,,"",29.82471444538464,-95.18997122741193,,user
Chewy - HOU1,13250 Crosby Rd,187577,HOU1,Houston,TX,1276,CREW,2026-07-06 06:00,2026-07-06 12:00,Closed,06:00,,"",29.8251109,-95.1902274,,"",29.8250785,-95.1905371,,user
Chewy - HOU1,13250 Crosby Rd,187577,HOU1,Houston,TX,6532,CREW,2026-07-06 06:00,2026-07-06 12:02,Closed,06:02,,"",29.825264,-95.1914281,,"",29.824721482399582,-95.19001873922429,,user
Chewy - HOU1,13250 Crosby Rd,187577,HOU1,Houston,TX,9318,CREW,2026-07-06 06:02,2026-07-06 12:00,Closed,05:58,,"",29.823225136297317,-95.19545849841332,,"",29.824727697575348,-95.18996648355817,,user
Chewy - HOU1,13250 Crosby Rd,187577,HOU1,Houston,TX,9496,CREW,2026-07-06 06:02,2026-07-06 12:00,Closed,05:58,,"",29.823869280544876,-95.19359006555302,,"",29.824727809261574,-95.1899844821272,,user
Chewy - HOU1,13250 Crosby Rd,187577,HOU1,Houston,TX,2189,CREW,2026-07-06 06:08,2026-07-06 12:02,Closed,05:54,,"",29.8239,-95.19369,,"",29.8244782,-95.1896047,,user
Chewy - HOU1,13250 Crosby Rd,187577,HOU1,Houston,TX,4156,CREW,2026-07-06 06:08,2026-07-06 12:01,Closed,05:53,,"",29.823825,-95.19387,,"",29.8244251,-95.1896205,,user
Chewy - HOU1,13250 Crosby Rd,187577,HOU1,Houston,TX,2189,CREW,2026-07-06 12:03,2026-07-06 13:01,Closed,00:58,,"",29.8243698,-95.1895947,,"",29.824486,-95.1899103,,user
Chewy - HOU1,13250 Crosby Rd,187577,HOU1,Houston,TX,5794,CREW,2026-07-06 12:58,2026-07-06 13:34,Closed,00:36,,"",29.8244563,-95.1896346,,"",29.806699,-95.1245801,,geofence
Chewy - HOU1,13250 Crosby Rd,187577,HOU1,Houston,TX,3701,CREW,2026-07-06 15:58,2026-07-07 00:30,Closed,08:32,,"",29.82293472968169,-95.19641312428068,,"",29.824716365275744,-95.18996324154621,,user
Chewy - HOU1,13250 Crosby Rd,187577,HOU1,Houston,TX,3155,CREW,2026-07-06 16:03,2026-07-07 00:30,Closed,08:27,,"",29.823131974016956,-95.19591718698085,,"",29.8247067795404,-95.18995938314778,,user
Chewy - HOU1,13250 Crosby Rd,187577,HOU1,Houston,TX,480474019,CREW,2026-07-06 18:26,2026-07-07 00:30,Closed,06:04,,"",29.8245162,-95.189633,,"",29.8244193,-95.1896361,,user
Chewy - HOU1,13250 Crosby Rd,187577,HOU1,Houston,TX,7085,CREW,2026-07-06 18:26,2026-07-07 00:30,Closed,06:04,,"",29.82464972974507,-95.18988126813902,,"",29.824642059932025,-95.18989491688643,,user
Chewy - HOU1,13250 Crosby Rd,187577,HOU1,Houston,TX,2712,CREW,2026-07-06 18:27,2026-07-07 00:30,Closed,06:03,,"",29.824621281178263,-95.1898413056266,,"",29.82498195731521,-95.18990393033856,,user
Chewy - HOU1,13250 Crosby Rd,187577,HOU1,Houston,TX,6007,CREW,2026-07-06 18:27,2026-07-07 00:30,Closed,06:03,,"",29.8245713,-95.1896266,,"",29.8244436,-95.1896437,,user
Chewy - HOU1,13250 Crosby Rd,187577,HOU1,Houston,TX,7204,CREW,2026-07-06 18:28,2026-07-07 00:30,Closed,06:02,,"",29.824605006292472,-95.18983352354984,,"",29.82465616842489,-95.18990131351377,,user
Chewy - HOU1,13250 Crosby Rd,187577,HOU1,Houston,TX,0000,CREW,2026-07-06 18:30,2026-07-07 00:30,Closed,06:00,,"",29.824932243177102,-95.19016800653834,,"",29.82545487767931,-95.19042987251821,,user
Chewy - HOU1,13250 Crosby Rd,187577,HOU1,Houston,TX,8398,CREW,2026-07-06 18:30,2026-07-07 00:30,Closed,06:00,,"",29.8244608,-95.1897731,,"",29.8254517,-95.19053,,user
Chewy - HOU1,13250 Crosby Rd,187577,HOU1,Houston,TX,8216,CREW,2026-07-06 18:30,2026-07-07 00:35,Closed,06:05,,"",29.82467889577517,-95.18994332888707,,"",29.8246415907231,-95.18993323733011,,user
Chewy - HOU1,13250 Crosby Rd,187577,HOU1,Houston,TX,2712,CREW,2026-07-07 01:26,2026-07-07 05:30,Closed,04:04,,"",29.82463029958406,-95.18986317615067,,"",29.824871613724362,-95.19059773841414,,user
Chewy - HOU1,13250 Crosby Rd,187577,HOU1,Houston,TX,0000,CREW,2026-07-07 01:29,2026-07-07 05:30,Closed,04:01,,"",29.825415041374292,-95.19043582093273,,"",29.8254414379555,-95.1904053745858,,user
Chewy - HOU1,13250 Crosby Rd,187577,HOU1,Houston,TX,7085,CREW,2026-07-07 01:30,2026-07-07 05:30,Closed,04:00,,"",29.824642602306593,-95.18991219961899,,"",29.82472121154773,-95.1899557917725,,user
Chewy - HOU1,13250 Crosby Rd,187577,HOU1,Houston,TX,3155,CREW,2026-07-07 01:30,2026-07-07 05:30,Closed,04:00,,"",29.825466200737118,-95.19046420240326,,"",29.824895690480457,-95.1902840969852,,user
Chewy - HOU1,13250 Crosby Rd,187577,HOU1,Houston,TX,8398,CREW,2026-07-07 01:30,2026-07-07 05:30,Closed,04:00,,"",29.825255,-95.1905267,,"",29.8244251,-95.1898048,,user
Chewy - HOU1,13250 Crosby Rd,187577,HOU1,Houston,TX,3701,CREW,2026-07-07 01:30,2026-07-07 05:30,Closed,04:00,,"",29.825401048709256,-95.19046801072732,,"",29.824932645905008,-95.19019259928385,,user
Chewy - HOU1,13250 Crosby Rd,187577,HOU1,Houston,TX,480474019,CREW,2026-07-07 01:30,2026-07-07 05:30,Closed,04:00,,"",29.824388,-95.1895486,,"",29.8244239,-95.1897016,,user
Chewy - HOU1,13250 Crosby Rd,187577,HOU1,Houston,TX,7204,CREW,2026-07-07 01:30,2026-07-07 05:30,Closed,04:00,,"",29.82464995704349,-95.18994520626325,,"",29.82463327487404,-95.1899576198721,,user
Chewy - HOU1,13250 Crosby Rd,187577,HOU1,Houston,TX,6007,CREW,2026-07-07 01:30,2026-07-07 05:31,Closed,04:01,,"",29.8244806,-95.1896598,,"",29.824444,-95.1896793,,user
Chewy - HOU1,13250 Crosby Rd,187577,HOU1,Houston,TX,8216,CREW,2026-07-07 01:31,2026-07-07 05:30,Closed,03:59,,"",29.824632462686367,-95.18994781586605,,"",29.8246478969486,-95.18996176756508,,user
Chewy - HOU1,13250 Crosby Rd,187577,HOU1,Houston,TX,0957,CREW,2026-07-07 05:55,2026-07-07 12:00,Closed,06:05,,"",29.824716625716018,-95.18997233641134,,"",29.824711879020334,-95.18996354940592,,user
Chewy - HOU1,13250 Crosby Rd,187577,HOU1,Houston,TX,6261,CREW,2026-07-07 05:55,2026-07-07 12:03,Closed,06:08,,"",29.8246488,-95.1896354,,"",29.8243752,-95.1894603,,user
Chewy - HOU1,13250 Crosby Rd,187577,HOU1,Houston,TX,3675,CREW,2026-07-07 05:55,2026-07-07 12:03,Closed,06:08,,"",29.824712751776325,-95.18993904913744,,"",29.82469754836949,-95.18994618353409,,user
Chewy - HOU1,13250 Crosby Rd,187577,HOU1,Houston,TX,6586,CREW,2026-07-07 05:55,2026-07-07 12:02,Closed,06:07,,"",29.8250396,-95.1899077,,"",29.8243816,-95.1895446,,user
Chewy - HOU1,13250 Crosby Rd,187577,HOU1,Houston,TX,6320,CREW,2026-07-07 05:55,2026-07-07 13:30,Closed,07:35,,"",29.824680608117134,-95.18997530210233,,"",29.824614377980637,-95.18992590904524,,user
Chewy - HOU1,13250 Crosby Rd,187577,HOU1,Houston,TX,9318,CREW,2026-07-07 05:55,2026-07-07 12:02,Closed,06:07,,"",29.824866495667884,-95.19050475451839,,"",29.824727697575348,-95.18996648355817,,user
Chewy - HOU1,13250 Crosby Rd,187577,HOU1,Houston,TX,9496,CREW,2026-07-07 05:56,2026-07-07 12:01,Closed,06:05,,"",29.824782069800257,-95.19021140420361,,"",29.824691133196815,-95.18993686308143,,user
Chewy - HOU1,13250 Crosby Rd,187577,HOU1,Houston,TX,2189,CREW,2026-07-07 05:56,2026-07-07 12:00,Closed,06:04,,"",29.824985,-95.1904217,,"",29.8244128,-95.1897002,,user
Chewy - HOU1,13250 Crosby Rd,187577,HOU1,Houston,TX,4156,CREW,2026-07-07 05:56,2026-07-07 12:00,Closed,06:04,,"",29.8249083,-95.1905767,,"",29.8245113,-95.1896816,,user
Chewy - HOU1,13250 Crosby Rd,187577,HOU1,Houston,TX,5794,CREW,2026-07-07 05:56,2026-07-07 12:01,Closed,06:05,,"",29.824857,-95.1884392,,"",29.8243968,-95.1895536,,user
Chewy - HOU1,13250 Crosby Rd,187577,HOU1,Houston,TX,6067,CREW,2026-07-07 05:59,2026-07-07 12:00,Closed,06:01,,"",29.824677043995095,-95.18995103743165,,"",29.82470517871748,-95.18996045008623,,user
Chewy - HOU1,13250 Crosby Rd,187577,HOU1,Houston,TX,1276,CREW,2026-07-07 06:00,2026-07-07 12:00,Closed,06:00,,"",29.8251078,-95.1902326,,"",29.8240867,-95.1923294,,user
Chewy - HOU1,13250 Crosby Rd,187577,HOU1,Houston,TX,1009,CREW,2026-07-07 06:00,2026-07-07 12:00,Closed,06:00,,"",29.82467149659075,-95.1899197551633,,"",29.82467149659075,-95.1899197551633,,user
Chewy - HOU1,13250 Crosby Rd,187577,HOU1,Houston,TX,6532,CREW,2026-07-07 06:00,2026-07-07 12:03,Closed,06:03,,"",29.825109111565183,-95.1903607247789,,"",29.82470942996621,-95.18997853031956,,user
Chewy - HOU1,13250 Crosby Rd,187577,HOU1,Houston,TX,6586,CREW,2026-07-07 12:56,2026-07-07 17:00,Closed,04:04,,"",29.8243387,-95.1894446,,"",29.825167,-95.1897814,,user
Chewy - HOU1,13250 Crosby Rd,187577,HOU1,Houston,TX,1276,CREW,2026-07-07 12:59,2026-07-07 17:00,Closed,04:01,,"",29.8248615,-95.1898696,,"",29.8251208,-95.1904205,,user
Chewy - HOU1,13250 Crosby Rd,187577,HOU1,Houston,TX,4156,CREW,2026-07-07 12:59,2026-07-07 17:00,Closed,04:01,,"",29.824411,-95.1896953,,"",29.8249967,-95.1902383,,user
Chewy - HOU1,13250 Crosby Rd,187577,HOU1,Houston,TX,6067,CREW,2026-07-07 13:00,2026-07-07 17:00,Closed,04:00,,"",29.824707442684247,-95.1899731503451,,"",29.824709123115667,-95.18996534564512,,user
Chewy - HOU1,13250 Crosby Rd,187577,HOU1,Houston,TX,9318,CREW,2026-07-07 13:00,2026-07-07 17:00,Closed,04:00,,"",29.824727697575348,-95.18996648355817,,"",29.8249733509778,-95.19064810900146,,user
Chewy - HOU1,13250 Crosby Rd,187577,HOU1,Houston,TX,2189,CREW,2026-07-07 13:00,2026-07-07 17:00,Closed,04:00,,"",29.8245759,-95.189642,,"",29.8253285,-95.1896301,,user
Chewy - HOU1,13250 Crosby Rd,187577,HOU1,Houston,TX,3675,CREW,2026-07-07 13:00,2026-07-07 17:00,Closed,04:00,,"",29.82469998494562,-95.18995123925357,,"",29.82485773917264,-95.19022661007301,,user
Chewy - HOU1,13250 Crosby Rd,187577,HOU1,Houston,TX,6532,CREW,2026-07-07 13:00,2026-07-07 17:01,Closed,04:01,,"",29.824679752241455,-95.18995210747175,,"",29.8250476,-95.1905722,,user
Chewy - HOU1,13250 Crosby Rd,187577,HOU1,Houston,TX,0957,CREW,2026-07-07 13:00,2026-07-07 17:00,Closed,04:00,,"",29.824712967757293,-95.18996579549051,,"",29.825166725912425,-95.18974767264199,,user
Chewy - HOU1,13250 Crosby Rd,187577,HOU1,Houston,TX,1009,CREW,2026-07-07 13:00,2026-07-07 17:00,Closed,04:00,,"",29.82467149659075,-95.1899197551633,,"",29.82467149659075,-95.1899197551633,,user
Chewy - HOU1,13250 Crosby Rd,187577,HOU1,Houston,TX,9496,CREW,2026-07-07 13:00,2026-07-07 17:00,Closed,04:00,,"",29.8248815513237,-95.19052462568625,,"",29.825177617361543,-95.19037911721088,,user
Chewy - HOU1,13250 Crosby Rd,187577,HOU1,Houston,TX,6261,CREW,2026-07-07 13:00,2026-07-07 17:00,Closed,04:00,,"",29.8244674,-95.1897272,,"",29.8251529,-95.1898123,,user
Chewy - HOU1,13250 Crosby Rd,187577,HOU1,Houston,TX,5794,CREW,2026-07-07 13:00,2026-07-07 17:02,Closed,04:02,,"",29.8242876,-95.189519,,"",29.8244881,-95.1896256,,user
Chewy - HOU1,13250 Crosby Rd,187577,HOU1,Houston,TX,6320,CREW,2026-07-07 14:30,2026-07-07 17:00,Closed,02:30,,"",29.82466277311574,-95.18989594670158,,"",29.82467936291963,-95.18993843016858,,user
Chewy - HOU1,13250 Crosby Rd,187577,HOU1,Houston,TX,2712,CREW,2026-07-07 18:27,2026-07-08 00:30,Closed,06:03,,"",29.82470798240244,-95.1899345705112,,"",29.82471517503489,-95.19000997249236,,user
Chewy - HOU1,13250 Crosby Rd,187577,HOU1,Houston,TX,3701,CREW,2026-07-07 18:28,2026-07-08 00:30,Closed,06:02,,"",29.824719790020048,-95.18995554801444,,"",29.82471199389317,-95.18996604893282,,user
Chewy - HOU1,13250 Crosby Rd,187577,HOU1,Houston,TX,7204,CREW,2026-07-07 18:28,2026-07-08 00:30,Closed,06:02,,"",29.824673679958813,-95.18992138616083,,"",29.824642685941875,-95.1899136361948,,user
Chewy - HOU1,13250 Crosby Rd,187577,HOU1,Houston,TX,7085,CREW,2026-07-07 18:30,2026-07-08 00:34,Closed,06:04,,"",29.824681058327187,-95.18996964383211,,"",29.824673390500717,-95.18991783043269,,user
Chewy - HOU1,13250 Crosby Rd,187577,HOU1,Houston,TX,6007,CREW,2026-07-07 18:30,2026-07-08 00:33,Closed,06:03,,"",29.8244564,-95.1895784,,"",29.8244707,-95.189616,,user
Chewy - HOU1,13250 Crosby Rd,187577,HOU1,Houston,TX,3155,CREW,2026-07-07 18:30,2026-07-08 00:32,Closed,06:02,,"",29.82471376960551,-95.18994743088402,,"",29.824713536153627,-95.18994747972474,,user
Chewy - HOU1,13250 Crosby Rd,187577,HOU1,Houston,TX,8216,CREW,2026-07-07 18:30,2026-07-08 00:32,Closed,06:02,,"",29.824734856743827,-95.19004392509878,,"",29.824654187094165,-95.18996691612345,,user
Chewy - HOU1,13250 Crosby Rd,187577,HOU1,Houston,TX,8398,CREW,2026-07-07 18:31,2026-07-08 00:30,Closed,05:59,,"",29.8244726,-95.1897638,,"",29.8244776,-95.1897881,,user
Chewy - HOU1,13250 Crosby Rd,187577,HOU1,Houston,TX,480474019,CREW,2026-07-07 18:40,2026-07-08 00:32,Closed,05:52,,"",29.8246483,-95.1900483,,"",29.8244016,-95.1896632,,user
Chewy - HOU1,13250 Crosby Rd,187577,HOU1,Houston,TX,0000,CREW,2026-07-08 00:32,2026-07-08 05:30,Closed,04:58,,"",29.824704878536075,-95.18995921770035,,"",29.82502427853931,-95.19089620413685,,user
Chewy - HOU1,13250 Crosby Rd,187577,HOU1,Houston,TX,2712,CREW,2026-07-08 01:27,2026-07-08 05:30,Closed,04:03,,"",29.82470684527949,-95.18993423757888,,"",29.82513744716769,-95.18979004514189,,user
Chewy - HOU1,13250 Crosby Rd,187577,HOU1,Houston,TX,3701,CREW,2026-07-08 01:29,2026-07-08 05:30,Closed,04:01,,"",29.824713342237338,-95.18996744036474,,"",29.824892492437534,-95.19042446652949,,user
Chewy - HOU1,13250 Crosby Rd,187577,HOU1,Houston,TX,8398,CREW,2026-07-08 01:30,2026-07-08 05:30,Closed,04:00,,"",29.8244394,-95.1893971,,"",29.8244576,-95.1897733,,user
Chewy - HOU1,13250 Crosby Rd,187577,HOU1,Houston,TX,3155,CREW,2026-07-08 01:30,2026-07-08 05:30,Closed,04:00,,"",29.82471166266265,-95.1899583473608,,"",29.824886508313774,-95.1902946365021,,user
Chewy - HOU1,13250 Crosby Rd,187577,HOU1,Houston,TX,480474019,CREW,2026-07-08 01:30,2026-07-08 05:30,Closed,04:00,,"",29.8244943,-95.1895674,,"",29.8248453,-95.1901218,,user
Chewy - HOU1,13250 Crosby Rd,187577,HOU1,Houston,TX,7085,CREW,2026-07-08 01:30,2026-07-08 05:30,Closed,04:00,,"",29.824644321474807,-95.18993898850853,,"",29.82479644964374,-95.19017105358043,,user
Chewy - HOU1,13250 Crosby Rd,187577,HOU1,Houston,TX,8216,CREW,2026-07-08 01:31,2026-07-08 05:30,Closed,03:59,,"",29.824656558203056,-95.18994322214805,,"",29.824593370099816,-95.18986766873897,,user
Chewy - HOU1,13250 Crosby Rd,187577,HOU1,Houston,TX,7204,CREW,2026-07-08 01:31,2026-07-08 05:31,Closed,04:00,,"",29.824620748956622,-95.18989726899,,"",29.82480172536324,-95.18990806312783,,user
Chewy - HOU1,13250 Crosby Rd,187577,HOU1,Houston,TX,6007,CREW,2026-07-08 01:34,2026-07-08 05:30,Closed,03:56,,"",29.8244464,-95.1896457,,"",29.8247899,-95.1899026,,user
Chewy - HOU1,13250 Crosby Rd,187577,HOU1,Houston,TX,5794,CREW,2026-07-08 05:52,2026-07-08 12:01,Closed,06:09,,"",29.8232745,-95.1950117,,"",29.8243799,-95.1894941,,user
Chewy - HOU1,13250 Crosby Rd,187577,HOU1,Houston,TX,3675,CREW,2026-07-08 05:55,2026-07-08 12:00,Closed,06:05,,"",29.824699714775388,-95.18995001775245,,"",29.82468959790215,-95.18993504172502,,user
Chewy - HOU1,13250 Crosby Rd,187577,HOU1,Houston,TX,0957,CREW,2026-07-08 05:55,2026-07-08 12:00,Closed,06:05,,"",29.82472473100451,-95.18995430350621,,"",29.824713664326882,-95.18996668201576,,user
Chewy - HOU1,13250 Crosby Rd,187577,HOU1,Houston,TX,6586,CREW,2026-07-08 05:55,2026-07-08 12:01,Closed,06:06,,"",29.825209,-95.1898879,,"",29.8245043,-95.1896345,,user
Chewy - HOU1,13250 Crosby Rd,187577,HOU1,Houston,TX,6261,CREW,2026-07-08 05:55,2026-07-08 12:02,Closed,06:07,,"",29.8243442,-95.189557,,"",29.8242893,-95.1894832,,user
Chewy - HOU1,13250 Crosby Rd,187577,HOU1,Houston,TX,6320,CREW,2026-07-08 05:56,2026-07-08 13:30,Closed,07:34,,"",29.824675316022027,-95.18994758905977,,"",29.822844357933672,-95.1908312343317,,user
Chewy - HOU1,13250 Crosby Rd,187577,HOU1,Houston,TX,1009,CREW,2026-07-08 05:58,2026-07-08 12:01,Closed,06:03,,"",29.82467042503505,-95.1899188122877,,"",29.82467042503505,-95.1899188122877,,user
Chewy - HOU1,13250 Crosby Rd,187577,HOU1,Houston,TX,6067,CREW,2026-07-08 05:59,2026-07-08 12:01,Closed,06:02,,"",29.824703353378286,-95.18996222716072,,"",29.824702877998302,-95.18995742279046,,user
Chewy - HOU1,13250 Crosby Rd,187577,HOU1,Houston,TX,6532,CREW,2026-07-08 06:00,2026-07-08 12:01,Closed,06:01,,"",29.825055100000004,-95.18925300000001,,"",29.824714695921276,-95.18997772343216,,user
Chewy - HOU1,13250 Crosby Rd,187577,HOU1,Houston,TX,9496,CREW,2026-07-08 06:02,2026-07-08 12:04,Closed,06:02,,"",29.822744506144435,-95.19676149085494,,"",29.824720098215735,-95.1899640496701,,user
Chewy - HOU1,13250 Crosby Rd,187577,HOU1,Houston,TX,9318,CREW,2026-07-08 06:02,2026-07-08 12:00,Closed,05:58,,"",29.823718318066792,-95.19394492498989,,"",29.824727801542956,-95.18996639272918,,user
Chewy - HOU1,13250 Crosby Rd,187577,HOU1,Houston,TX,1276,CREW,2026-07-08 06:02,2026-07-08 12:00,Closed,05:58,,"",29.8262589,-95.1889168,,"",29.8239121,-95.1928173,,user
Chewy - HOU1,13250 Crosby Rd,187577,HOU1,Houston,TX,2189,CREW,2026-07-08 06:04,2026-07-08 12:00,Closed,05:56,,"",29.82239,-95.196905,,"",29.8245802,-95.18966,,user
Chewy - HOU1,13250 Crosby Rd,187577,HOU1,Houston,TX,4156,CREW,2026-07-08 06:04,2026-07-08 12:00,Closed,05:56,,"",29.8242617,-95.1928183,,"",29.824549,-95.1900087,,user
Chewy - HOU1,13250 Crosby Rd,187577,HOU1,Houston,TX,2189,CREW,2026-07-08 12:01,2026-07-08 12:02,Closed,00:01,,"",29.8245424,-95.1896896,,"",29.8244539,-95.1896517,,user
Chewy - HOU1,13250 Crosby Rd,187577,HOU1,Houston,TX,6586,CREW,2026-07-08 12:59,2026-07-08 17:01,Closed,04:02,,"",29.8243614,-95.1895413,,"",29.8251744,-95.1898388,,user
Chewy - HOU1,13250 Crosby Rd,187577,HOU1,Houston,TX,0957,CREW,2026-07-08 12:59,2026-07-08 17:00,Closed,04:01,,"",29.824713466094824,-95.18996816082222,,"",29.82515938289938,-95.189856782894,,user
Chewy - HOU1,13250 Crosby Rd,187577,HOU1,Houston,TX,1009,CREW,2026-07-08 12:59,2026-07-08 17:01,Closed,04:02,,"",29.82467042503505,-95.1899188122877,,"",29.82467042503505,-95.1899188122877,,user
Chewy - HOU1,13250 Crosby Rd,187577,HOU1,Houston,TX,6067,CREW,2026-07-08 13:00,2026-07-08 17:00,Closed,04:00,,"",29.82470615076572,-95.18996043079923,,"",29.82470302544368,-95.1899624912122,,user
Chewy - HOU1,13250 Crosby Rd,187577,HOU1,Houston,TX,9496,CREW,2026-07-08 13:00,2026-07-08 17:00,Closed,04:00,,"",29.824720098215735,-95.1899640496701,,"",29.824976942862705,-95.19057116774545,,user
Chewy - HOU1,13250 Crosby Rd,187577,HOU1,Houston,TX,6532,CREW,2026-07-08 13:00,2026-07-08 17:00,Closed,04:00,,"",29.824649272804642,-95.18990840751563,,"",29.8250937,-95.1903568,,user
Chewy - HOU1,13250 Crosby Rd,187577,HOU1,Houston,TX,4156,CREW,2026-07-08 13:00,2026-07-08 17:00,Closed,04:00,,"",29.8244208,-95.189713,,"",29.8250717,-95.1903617,,user
Chewy - HOU1,13250 Crosby Rd,187577,HOU1,Houston,TX,6261,CREW,2026-07-08 13:00,2026-07-08 17:00,Closed,04:00,,"",29.8243565,-95.1895475,,"",29.825043,-95.1899368,,user
Chewy - HOU1,13250 Crosby Rd,187577,HOU1,Houston,TX,3675,CREW,2026-07-08 13:00,2026-07-08 17:00,Closed,04:00,,"",29.824689663338813,-95.18993460221675,,"",29.824862335359967,-95.19080705717805,,user
Chewy - HOU1,13250 Crosby Rd,187577,HOU1,Houston,TX,5794,CREW,2026-07-08 13:00,2026-07-08 17:00,Closed,04:00,,"",29.8244517,-95.1896354,,"",29.824501,-95.189637,,user
Chewy - HOU1,13250 Crosby Rd,187577,HOU1,Houston,TX,9318,CREW,2026-07-08 13:00,2026-07-08 17:00,Closed,04:00,,"",29.824727801542956,-95.18996639272918,,"",29.824920737296605,-95.19068350330592,,user
Chewy - HOU1,13250 Crosby Rd,187577,HOU1,Houston,TX,1276,CREW,2026-07-08 13:00,2026-07-08 17:03,Closed,04:03,,"",29.8250886,-95.1902749,,"",29.8270318,-95.1899785,,user
Chewy - HOU1,13250 Crosby Rd,187577,HOU1,Houston,TX,2189,CREW,2026-07-08 13:00,2026-07-08 17:00,Closed,04:00,,"",29.8245034,-95.189668,,"",29.8251567,-95.1903283,,user
Chewy - HOU1,13250 Crosby Rd,187577,HOU1,Houston,TX,6320,CREW,2026-07-08 14:30,2026-07-08 17:00,Closed,02:30,,"",29.824662724424368,-95.18995995856838,,"",29.825352145596703,-95.19002906629765,,user
Chewy - HOU1,13250 Crosby Rd,187577,HOU1,Houston,TX,0000,CREW,2026-07-08 18:20,2026-07-09 00:36,Closed,06:16,,"",29.824793872447113,-95.19007289518197,,"",29.82471345699139,-95.18997442899642,,user
Chewy - HOU1,13250 Crosby Rd,187577,HOU1,Houston,TX,3701,CREW,2026-07-08 18:28,2026-07-09 00:28,Closed,06:00,,"",29.824721350739132,-95.18995708522453,,"",29.824723276769745,-95.18998030790232,,user
Chewy - HOU1,13250 Crosby Rd,187577,HOU1,Houston,TX,7085,CREW,2026-07-08 18:28,2026-07-09 00:30,Closed,06:02,,"",29.824684242790543,-95.18997628277663,,"",29.82466316041404,-95.18990259493376,,user
Chewy - HOU1,13250 Crosby Rd,187577,HOU1,Houston,TX,3155,CREW,2026-07-08 18:28,2026-07-09 00:30,Closed,06:02,,"",29.824719749474916,-95.18995220809079,,"",29.824722749325144,-95.18995624101596,,user
Chewy - HOU1,13250 Crosby Rd,187577,HOU1,Houston,TX,480474019,CREW,2026-07-08 18:28,2026-07-09 00:30,Closed,06:02,,"",29.8244493,-95.1895813,,"",29.8243848,-95.189652,,user
Chewy - HOU1,13250 Crosby Rd,187577,HOU1,Houston,TX,2712,CREW,2026-07-08 18:29,2026-07-09 00:30,Closed,06:01,,"",29.824708540050384,-95.18993719545107,,"",29.824987644861892,-95.18980125606282,,user
Chewy - HOU1,13250 Crosby Rd,187577,HOU1,Houston,TX,7204,CREW,2026-07-08 18:29,2026-07-09 00:30,Closed,06:01,,"",29.824689372590523,-95.18993737788745,,"",29.82466001606638,-95.18990760687511,,user
Chewy - HOU1,13250 Crosby Rd,187577,HOU1,Houston,TX,6007,CREW,2026-07-08 18:30,2026-07-09 00:30,Closed,06:00,,"",29.8244327,-95.1895422,,"",29.8244401,-95.1895662,,user
Chewy - HOU1,13250 Crosby Rd,187577,HOU1,Houston,TX,8216,CREW,2026-07-08 18:30,2026-07-09 00:30,Closed,06:00,,"",29.82463635752859,-95.18987910990623,,"",29.82473484704667,-95.1900437554265,,user
Chewy - HOU1,13250 Crosby Rd,187577,HOU1,Houston,TX,0000,CREW,2026-07-09 01:20,2026-07-09 05:30,Closed,04:10,,"",29.82472907460159,-95.19005545454255,,"",29.8243231186921,-95.19189616674109,,user
Chewy - HOU1,13250 Crosby Rd,187577,HOU1,Houston,TX,3701,CREW,2026-07-09 01:27,2026-07-09 05:30,Closed,04:03,,"",29.824720605504556,-95.18995440478614,,"",29.824898738930177,-95.19031272974429,,user
Chewy - HOU1,13250 Crosby Rd,187577,HOU1,Houston,TX,480474019,CREW,2026-07-09 01:29,2026-07-09 05:30,Closed,04:01,,"",29.8244229,-95.1896141,,"",29.8244532,-95.189545,,user
Chewy - HOU1,13250 Crosby Rd,187577,HOU1,Houston,TX,8216,CREW,2026-07-09 01:30,2026-07-09 05:30,Closed,04:00,,"",29.82460388170955,-95.1898631152946,,"",29.824701473304007,-95.18995991882439,,user
Chewy - HOU1,13250 Crosby Rd,187577,HOU1,Houston,TX,2712,CREW,2026-07-09 01:30,2026-07-09 05:32,Closed,04:02,,"",29.824716447391204,-95.1899544514713,,"",29.824950444060097,-95.18973811172391,,user
Chewy - HOU1,13250 Crosby Rd,187577,HOU1,Houston,TX,3155,CREW,2026-07-09 01:30,2026-07-09 05:30,Closed,04:00,,"",29.824706736436024,-95.18996407208172,,"",29.824974518297125,-95.19038759180827,,user
Chewy - HOU1,13250 Crosby Rd,187577,HOU1,Houston,TX,7204,CREW,2026-07-09 01:30,2026-07-09 05:30,Closed,04:00,,"",29.824579900519492,-95.189803107044,,"",29.824576041421544,-95.18985540552035,,user
Chewy - HOU1,13250 Crosby Rd,187577,HOU1,Houston,TX,6007,CREW,2026-07-09 01:30,2026-07-09 05:31,Closed,04:01,,"",29.8244634,-95.1895394,,"",29.8248271,-95.189872,,user
Chewy - HOU1,13250 Crosby Rd,187577,HOU1,Houston,TX,7085,CREW,2026-07-09 01:32,2026-07-09 05:30,Closed,03:58,,"",29.824636577806917,-95.18990477155386,,"",29.824715172544025,-95.18995731121139,,user
Chewy - HOU1,13250 Crosby Rd,187577,HOU1,Houston,TX,6261,CREW,2026-07-09 05:55,2026-07-09 12:04,Closed,06:09,,"",29.8244219,-95.1896357,,"",29.8243413,-95.1895363,,user
Chewy - HOU1,13250 Crosby Rd,187577,HOU1,Houston,TX,3675,CREW,2026-07-09 05:55,2026-07-09 12:00,Closed,06:05,,"",29.824700799763445,-95.18995202254112,,"",29.824683816450932,-95.1899239801952,,user
Chewy - HOU1,13250 Crosby Rd,187577,HOU1,Houston,TX,0957,CREW,2026-07-09 05:55,2026-07-09 12:00,Closed,06:05,,"",29.824713729550243,-95.18996865359256,,"",29.824716569769105,-95.18997070544279,,user
Chewy - HOU1,13250 Crosby Rd,187577,HOU1,Houston,TX,6320,CREW,2026-07-09 05:55,2026-07-09 13:30,Closed,07:35,,"",29.825238323942198,-95.18991475008625,,"",29.824689081430932,-95.18995534745561,,user
Chewy - HOU1,13250 Crosby Rd,187577,HOU1,Houston,TX,6586,CREW,2026-07-09 05:55,2026-07-09 12:00,Closed,06:05,,"",29.8251618,-95.1898605,,"",29.8244231,-95.1895386,,user
Chewy - HOU1,13250 Crosby Rd,187577,HOU1,Houston,TX,1009,CREW,2026-07-09 05:58,2026-07-09 12:01,Closed,06:03,,"",29.824668994638557,-95.18991746521051,,"",29.824668994638557,-95.18991746521051,,user
Chewy - HOU1,13250 Crosby Rd,187577,HOU1,Houston,TX,6067,CREW,2026-07-09 05:59,2026-07-09 12:01,Closed,06:02,,"",29.824689383420168,-95.18994844941805,,"",29.824705642430665,-95.18995594070168,,user
Chewy - HOU1,13250 Crosby Rd,187577,HOU1,Houston,TX,6532,CREW,2026-07-09 06:02,2026-07-09 12:01,Closed,05:59,,"",29.825859700000002,-95.1886344,,"",29.8248819,-95.1913283,,user
Chewy - HOU1,13250 Crosby Rd,187577,HOU1,Houston,TX,9318,CREW,2026-07-09 06:03,2026-07-09 12:00,Closed,05:57,,"",29.823697735653855,-95.19396222515633,,"",29.824718601566136,-95.18997365442613,,user
Chewy - HOU1,13250 Crosby Rd,187577,HOU1,Houston,TX,9496,CREW,2026-07-09 06:03,2026-07-09 12:00,Closed,05:57,,"",29.82440019029176,-95.1928848960392,,"",29.824719344330486,-95.18996350053004,,user
Chewy - HOU1,13250 Crosby Rd,187577,HOU1,Houston,TX,5794,CREW,2026-07-09 06:04,2026-07-09 12:02,Closed,05:58,,"",29.8250476,-95.1916639,,"",29.8244099,-95.1895607,,user
Chewy - HOU1,13250 Crosby Rd,187577,HOU1,Houston,TX,1276,CREW,2026-07-09 06:04,2026-07-09 12:00,Closed,05:56,,"",29.8251097,-95.1903885,,"",29.8251136,-95.1903321,,user
Chewy - HOU1,13250 Crosby Rd,187577,HOU1,Houston,TX,2189,CREW,2026-07-09 06:09,2026-07-09 12:00,Closed,05:51,,"",29.8229683,-95.1955667,,"",29.8243845,-95.189574,,user
Chewy - HOU1,13250 Crosby Rd,187577,HOU1,Houston,TX,4156,CREW,2026-07-09 06:12,2026-07-09 12:00,Closed,05:48,,"",29.82491,-95.1903167,,"",29.8244321,-95.189643,,user
Chewy - HOU1,13250 Crosby Rd,187577,HOU1,Houston,TX,6586,CREW,2026-07-09 12:59,2026-07-09 17:01,Closed,04:02,,"",29.8242535,-95.1894967,,"",29.8251522,-95.1898456,,user
Chewy - HOU1,13250 Crosby Rd,187577,HOU1,Houston,TX,4156,CREW,2026-07-09 12:59,2026-07-09 17:02,Closed,04:03,,"",29.8244147,-95.1895188,,"",29.8244643,-95.1899228,,user
Chewy - HOU1,13250 Crosby Rd,187577,HOU1,Houston,TX,0957,CREW,2026-07-09 12:59,2026-07-09 17:00,Closed,04:01,,"",29.82471564770959,-95.18997056777681,,"",29.825133517986814,-95.18979337266117,,user
Chewy - HOU1,13250 Crosby Rd,187577,HOU1,Houston,TX,1276,CREW,2026-07-09 12:59,2026-07-09 17:01,Closed,04:02,,"",29.8259058,-95.1899499,,"",29.8317671,-95.1886712,,user
Chewy - HOU1,13250 Crosby Rd,187577,HOU1,Houston,TX,3675,CREW,2026-07-09 13:00,2026-07-09 17:00,Closed,04:00,,"",29.824701238470162,-95.18995245199334,,"",29.824812673005095,-95.18963479690089,,user
Chewy - HOU1,13250 Crosby Rd,187577,HOU1,Houston,TX,2189,CREW,2026-07-09 13:00,2026-07-09 17:00,Closed,04:00,,"",29.8243534,-95.1895455,,"",29.824558,-95.1899779,,user
Chewy - HOU1,13250 Crosby Rd,187577,HOU1,Houston,TX,6067,CREW,2026-07-09 13:00,2026-07-09 17:00,Closed,04:00,,"",29.824700212395754,-95.18995738447705,,"",29.82489681799781,-95.18974115260062,,user
Chewy - HOU1,13250 Crosby Rd,187577,HOU1,Houston,TX,9496,CREW,2026-07-09 13:00,2026-07-09 17:01,Closed,04:01,,"",29.824719344330486,-95.18996350053004,,"",29.824970992521468,-95.19057716635903,,user
Chewy - HOU1,13250 Crosby Rd,187577,HOU1,Houston,TX,6532,CREW,2026-07-09 13:00,2026-07-09 17:05,Closed,04:05,,"",29.825052923853846,-95.19034339860487,,"",29.825372300000005,-95.19116190000001,,user
Chewy - HOU1,13250 Crosby Rd,187577,HOU1,Houston,TX,6261,CREW,2026-07-09 13:00,2026-07-09 17:00,Closed,04:00,,"",29.8243484,-95.1895467,,"",29.8251637,-95.1898635,,user
Chewy - HOU1,13250 Crosby Rd,187577,HOU1,Houston,TX,1009,CREW,2026-07-09 13:00,2026-07-09 17:00,Closed,04:00,,"",29.824668994638557,-95.18991746521051,,"",29.82492792314849,-95.18976382495147,,user
Chewy - HOU1,13250 Crosby Rd,187577,HOU1,Houston,TX,9318,CREW,2026-07-09 13:00,2026-07-09 17:00,Closed,04:00,,"",29.824727714498078,-95.18996645256291,,"",29.824984286126835,-95.19055219757509,,user
Chewy - HOU1,13250 Crosby Rd,187577,HOU1,Houston,TX,5794,CREW,2026-07-09 13:00,2026-07-09 17:01,Closed,04:01,,"",29.8245029,-95.189649,,"",29.8244622,-95.1896787,,user
Chewy - HOU1,13250 Crosby Rd,187577,HOU1,Houston,TX,6320,CREW,2026-07-09 14:30,2026-07-09 17:01,Closed,02:31,,"",29.82467275636433,-95.18994404876292,,"",29.825405153082247,-95.18988445696812,,user
Chewy - HOU1,13250 Crosby Rd,187577,HOU1,Houston,TX,9087,CREW,2026-07-10 05:56,2026-07-10 12:06,Closed,06:10,,"",29.82479854023999,-95.1899166964881,,"",29.82470752457793,-95.1900309991742,,user
Chewy - HOU1,13250 Crosby Rd,187577,HOU1,Houston,TX,6037,PORTER-MAID,2026-07-10 05:58,2026-07-10 12:01,Closed,06:03,,"",29.824639257997596,-95.18995498720054,,"",29.824671801182507,-95.18993343447175,,user
Chewy - HOU1,13250 Crosby Rd,187577,HOU1,Houston,TX,9899,PORTER-MAID,2026-07-10 05:59,2026-07-10 12:00,Closed,06:01,,"",29.824669420358937,-95.18999443398236,,"",29.82467229867461,-95.18998270054638,,user
Chewy - HOU1,13250 Crosby Rd,187577,HOU1,Houston,TX,8536,CREW,2026-07-10 06:00,2026-07-10 12:00,Closed,06:00,,"",29.824717882908292,-95.18999236902579,,"",29.824658070258998,-95.1899100069827,,user
Chewy - HOU1,13250 Crosby Rd,187577,HOU1,Houston,TX,7545,PORTER-MAID,2026-07-10 06:00,2026-07-10 12:02,Closed,06:02,,"",29.8245403,-95.1898092,,"",29.8245184,-95.1896898,,user
Chewy - HOU1,13250 Crosby Rd,187577,HOU1,Houston,TX,2932,CREW,2026-07-10 06:01,2026-07-10 12:06,Closed,06:05,,"",29.82254700109372,-95.1972340532533,,"",29.82465593142488,-95.18992390788301,,user
Chewy - HOU1,13250 Crosby Rd,187577,HOU1,Houston,TX,1703,CREW,2026-07-10 06:01,2026-07-10 12:06,Closed,06:05,,"",29.822656037350942,-95.19695770607679,,"",29.82463636081531,-95.18988341566458,,user
Chewy - HOU1,13250 Crosby Rd,187577,HOU1,Houston,TX,8251,CREW,2026-07-10 06:06,2026-07-10 12:00,Closed,05:54,,"",29.822694587287668,-95.19688887447838,,"",29.824690530649,-95.18996193716876,,user
Chewy - HOU1,13250 Crosby Rd,187577,HOU1,Houston,TX,1308,CREW,2026-07-10 09:25,2026-07-10 12:00,Closed,02:35,,"",29.8243538,-95.1890852,,"",29.8243679,-95.1892314,,user
Chewy - HOU1,13250 Crosby Rd,187577,HOU1,Houston,TX,6037,PORTER-MAID,2026-07-10 12:59,2026-07-10 18:59,Closed,06:00,,"",29.824664582441212,-95.18988696155418,,"",29.824625030345643,-95.18991114458731,,user
Chewy - HOU1,13250 Crosby Rd,187577,HOU1,Houston,TX,9087,CREW,2026-07-10 12:59,2026-07-10 19:02,Closed,06:03,,"",29.824707815688917,-95.18995671268927,,"",29.82470735542083,-95.19003124290603,,user
Chewy - HOU1,13250 Crosby Rd,187577,HOU1,Houston,TX,1308,CREW,2026-07-10 13:00,2026-07-10 19:00,Closed,06:00,,"",29.8243651,-95.1892373,,"",29.8243973,-95.1899536,,user
Chewy - HOU1,13250 Crosby Rd,187577,HOU1,Houston,TX,8536,CREW,2026-07-10 13:00,2026-07-10 19:02,Closed,06:02,,"",29.824661878857718,-95.18993792036075,,"",29.82466499998087,-95.18990587993417,,user
Chewy - HOU1,13250 Crosby Rd,187577,HOU1,Houston,TX,9899,PORTER-MAID,2026-07-10 13:00,2026-07-10 19:02,Closed,06:02,,"",29.824705176145276,-95.19001548007323,,"",29.824656433488347,-95.18996538204308,,user
Chewy - HOU1,13250 Crosby Rd,187577,HOU1,Houston,TX,7545,PORTER-MAID,2026-07-10 13:00,2026-07-10 19:06,Closed,06:06,,"",29.8244705,-95.1896388,,"",29.8244871,-95.1896385,,user
Chewy - HOU1,13250 Crosby Rd,187577,HOU1,Houston,TX,8251,CREW,2026-07-10 13:00,2026-07-10 19:03,Closed,06:03,,"",29.824626863074798,-95.18989583078478,,"",29.827998344944607,-95.18268540109283,,user
Chewy - HOU1,13250 Crosby Rd,187577,HOU1,Houston,TX,1703,CREW,2026-07-10 13:05,2026-07-10 19:05,Closed,06:00,,"",29.824667242822873,-95.18995359101393,,"",29.828760342678333,-95.18269190862702,,user
Chewy - HOU1,13250 Crosby Rd,187577,HOU1,Houston,TX,2932,CREW,2026-07-10 13:05,2026-07-10 19:00,Closed,05:55,,"",29.82462611997477,-95.18993701184915,,"",29.82578692173175,-95.18963002254279,,user
Chewy - HOU1,13250 Crosby Rd,187577,HOU1,Houston,TX,9899,PORTER-MAID,2026-07-11 05:59,2026-07-11 12:01,Closed,06:02,,"",29.824681119024365,-95.18998002044901,,"",29.82460194922126,-95.18988446373436,,user
Chewy - HOU1,13250 Crosby Rd,187577,HOU1,Houston,TX,1308,CREW,2026-07-11 06:00,2026-07-11 12:01,Closed,06:01,,"",29.8242328,-95.1898957,,"",29.8241403,-95.1892866,,user
Chewy - HOU1,13250 Crosby Rd,187577,HOU1,Houston,TX,9087,CREW,2026-07-11 06:01,2026-07-11 12:09,Closed,06:08,,"",29.826302680779033,-95.18900288386376,,"",29.824706209688,-95.18995587987091,,user
Chewy - HOU1,13250 Crosby Rd,187577,HOU1,Houston,TX,7545,PORTER-MAID,2026-07-11 06:01,2026-07-11 12:02,Closed,06:01,,"",29.8243408,-95.1895523,,"",29.8243289,-95.1894522,,user
Chewy - HOU1,13250 Crosby Rd,187577,HOU1,Houston,TX,8536,CREW,2026-07-11 06:01,2026-07-11 12:01,Closed,06:00,,"",29.825114384510822,-95.19028526542871,,"",29.82471451425601,-95.1899695842263,,user
Chewy - HOU1,13250 Crosby Rd,187577,HOU1,Houston,TX,2932,CREW,2026-07-11 06:03,2026-07-11 12:09,Closed,06:06,,"",29.822465689852073,-95.19726323234389,,"",29.82464680070151,-95.18991252564898,,user
Chewy - HOU1,13250 Crosby Rd,187577,HOU1,Houston,TX,1703,CREW,2026-07-11 06:03,2026-07-11 12:09,Closed,06:06,,"",29.822607291010097,-95.19698954032438,,"",29.824633595583553,-95.18987823973903,,user
Chewy - HOU1,13250 Crosby Rd,187577,HOU1,Houston,TX,8251,CREW,2026-07-11 06:06,2026-07-11 11:59,Closed,05:53,,"",29.82285684299074,-95.19650888505257,,"",29.824922233403363,-95.19040000721677,,user
Chewy - HOU1,13250 Crosby Rd,187577,HOU1,Houston,TX,6037,PORTER-MAID,2026-07-11 06:30,2026-07-11 12:01,Closed,05:31,,"",29.824610586775957,-95.18989803468057,,"",29.824680356367143,-95.18990030920729,,user
Chewy - HOU1,13250 Crosby Rd,187577,HOU1,Houston,TX,9899,PORTER-MAID,2026-07-11 12:59,2026-07-11 19:00,Closed,06:01,,"",29.824732026950475,-95.19004543977732,,"",29.82463799082965,-95.18990902382944,,user
Chewy - HOU1,13250 Crosby Rd,187577,HOU1,Houston,TX,1308,CREW,2026-07-11 13:00,2026-07-11 19:00,Closed,06:00,,"",29.8241718,-95.1892411,,"",29.8244169,-95.1892282,,user
Chewy - HOU1,13250 Crosby Rd,187577,HOU1,Houston,TX,7545,PORTER-MAID,2026-07-11 13:00,2026-07-11 19:00,Closed,06:00,,"",29.8243667,-95.1896221,,"",29.8244165,-95.1896005,,user
Chewy - HOU1,13250 Crosby Rd,187577,HOU1,Houston,TX,8251,CREW,2026-07-11 13:00,2026-07-11 19:00,Closed,06:00,,"",29.824957331114167,-95.19022615078032,,"",29.82469230452406,-95.1899671539835,,user
Chewy - HOU1,13250 Crosby Rd,187577,HOU1,Houston,TX,8536,CREW,2026-07-11 13:02,2026-07-11 19:02,Closed,06:00,,"",29.824650481148282,-95.18990960260516,,"",29.824853359976647,-95.19008308335275,,user
Chewy - HOU1,13250 Crosby Rd,187577,HOU1,Houston,TX,2932,CREW,2026-07-11 13:02,2026-07-11 19:00,Closed,05:58,,"",29.824613355192024,-95.18992986902664,,"",29.824685495200733,-95.18995431527318,,user
Chewy - HOU1,13250 Crosby Rd,187577,HOU1,Houston,TX,6037,PORTER-MAID,2026-07-11 13:02,2026-07-11 18:56,Closed,05:54,,"",29.82464511384385,-95.18988028663654,,"",29.824674005510982,-95.1899225904898,,user
Chewy - HOU1,13250 Crosby Rd,187577,HOU1,Houston,TX,9087,CREW,2026-07-11 13:02,2026-07-11 19:00,Closed,05:58,,"",29.82471371698593,-95.18998272232938,,"",29.824710458522276,-95.18996222919813,,user
Chewy - HOU1,13250 Crosby Rd,187577,HOU1,Houston,TX,1703,CREW,2026-07-11 13:05,2026-07-11 19:00,Closed,05:55,,"",29.82464927905516,-95.18989411748112,,"",29.824672347070145,-95.18992287882486,,user
Chewy - HOU1,13250 Crosby Rd,187577,HOU1,Houston,TX,9899,PORTER-MAID,2026-07-12 06:00,2026-07-12 12:01,Closed,06:01,,"",29.824698804353268,-95.18994553846599,,"",29.82463108614893,-95.18993257994946,,user
Chewy - HOU1,13250 Crosby Rd,187577,HOU1,Houston,TX,1308,CREW,2026-07-12 06:00,2026-07-12 12:00,Closed,06:00,,"",29.8241172,-95.1889586,,"",29.8240984,-95.1893013,,user
Chewy - HOU1,13250 Crosby Rd,187577,HOU1,Houston,TX,2171,PORTER-MAID,2026-07-12 06:00,2026-07-12 12:04,Closed,06:04,,"",29.824721395207327,-95.19006752406047,,"",29.824622090470587,-95.189884917131,,user
Chewy - HOU1,13250 Crosby Rd,187577,HOU1,Houston,TX,6037,PORTER-MAID,2026-07-12 06:00,2026-07-12 12:05,Closed,06:05,,"",29.824697315392715,-95.18992358923332,,"",29.82465449254935,-95.1898905163909,,user
Chewy - HOU1,13250 Crosby Rd,187577,HOU1,Houston,TX,8536,CREW,2026-07-12 06:01,2026-07-12 12:02,Closed,06:01,,"",29.825100572472092,-95.19031408497753,,"",29.82463848851893,-95.18989791502108,,user
Chewy - HOU1,13250 Crosby Rd,187577,HOU1,Houston,TX,7545,PORTER-MAID,2026-07-12 06:01,2026-07-12 12:00,Closed,05:59,,"",29.8243596,-95.1896089,,"",29.8245094,-95.1895774,,user
Chewy - HOU1,13250 Crosby Rd,187577,HOU1,Houston,TX,9087,CREW,2026-07-12 06:02,2026-07-12 12:00,Closed,05:58,,"",29.82265142245782,-95.19096809569275,,"",29.8246860649372,-95.1899631529349,,user
Chewy - HOU1,13250 Crosby Rd,187577,HOU1,Houston,TX,1703,CREW,2026-07-12 06:04,2026-07-12 12:00,Closed,05:56,,"",29.822546731884398,-95.1971440872511,,"",29.82457452917615,-95.18985518843309,,user
Chewy - HOU1,13250 Crosby Rd,187577,HOU1,Houston,TX,2932,CREW,2026-07-12 06:04,2026-07-12 12:00,Closed,05:56,,"",29.822647835671148,-95.19688935013377,,"",29.82468275385774,-95.18995075031023,,user
Chewy - HOU1,13250 Crosby Rd,187577,HOU1,Houston,TX,8251,CREW,2026-07-12 06:22,2026-07-12 12:00,Closed,05:38,,"",29.824874422363656,-95.19065418404314,,"",29.82470024334021,-95.18993811239906,,user
Chewy - HOU1,13250 Crosby Rd,187577,HOU1,Houston,TX,9899,PORTER-MAID,2026-07-12 12:59,2026-07-12 19:01,Closed,06:02,,"",29.824678083877323,-95.18993970788763,,"",29.824672377687005,-95.18996699016792,,user
Chewy - HOU1,13250 Crosby Rd,187577,HOU1,Houston,TX,2932,CREW,2026-07-12 12:59,2026-07-12 19:00,Closed,06:01,,"",29.824675972077692,-95.18994023809988,,"",29.82486390616272,-95.18997487107607,,user
Chewy - HOU1,13250 Crosby Rd,187577,HOU1,Houston,TX,1703,CREW,2026-07-12 13:00,2026-07-12 19:00,Closed,06:00,,"",29.82467676283704,-95.189967779494,,"",29.824825533352325,-95.1897387383277,,user
Chewy - HOU1,13250 Crosby Rd,187577,HOU1,Houston,TX,1308,CREW,2026-07-12 13:00,2026-07-12 19:00,Closed,06:00,,"",29.8245277,-95.1893097,,"",29.8244905,-95.1896103,,user
Chewy - HOU1,13250 Crosby Rd,187577,HOU1,Houston,TX,2171,PORTER-MAID,2026-07-12 13:00,2026-07-12 18:57,Closed,05:57,,"",29.824618568476435,-95.1898666935356,,"",29.824610766879182,-95.18992830741884,,user
Chewy - HOU1,13250 Crosby Rd,187577,HOU1,Houston,TX,8251,CREW,2026-07-12 13:01,2026-07-12 19:07,Closed,06:06,,"",29.824614938619366,-95.18990517500153,,"",29.828539699056403,-95.18348985206663,,user
Chewy - HOU1,13250 Crosby Rd,187577,HOU1,Houston,TX,7545,PORTER-MAID,2026-07-12 13:03,2026-07-12 19:01,Closed,05:58,,"",29.8243347,-95.1895636,,"",29.8244254,-95.1895994,,user
Chewy - HOU1,13250 Crosby Rd,187577,HOU1,Houston,TX,8536,CREW,2026-07-12 13:03,2026-07-12 19:04,Closed,06:01,,"",29.824623317443848,-95.18989227485329,,"",29.82489816283388,-95.19069906302484,,user
Chewy - HOU1,13250 Crosby Rd,187577,HOU1,Houston,TX,6037,PORTER-MAID,2026-07-12 13:05,2026-07-12 18:58,Closed,05:53,,"",29.824647149357574,-95.189901039214,,"",29.824745997354565,-95.18999695715064,,user
Chewy - HOU1,13250 Crosby Rd,187577,HOU1,Houston,TX,0000,CREW,2026-07-12 18:14,2026-07-13 00:46,Closed,06:32,,"",29.824763504019593,-95.1901395990176,,"",29.82472355606635,-95.18992670601533,,user
Chewy - HOU1,13250 Crosby Rd,187577,HOU1,Houston,TX,480474019,CREW,2026-07-12 18:25,2026-07-13 00:36,Closed,06:11,,"",29.8244556,-95.1895828,,"",29.8244969,-95.1896467,,user
Chewy - HOU1,13250 Crosby Rd,187577,HOU1,Houston,TX,2712,CREW,2026-07-12 18:26,2026-07-13 00:29,Closed,06:03,,"",29.824718142835174,-95.18995193108734,,"",29.824719557311973,-95.18997552129873,,user
Chewy - HOU1,13250 Crosby Rd,187577,HOU1,Houston,TX,7204,CREW,2026-07-12 18:27,2026-07-13 00:30,Closed,06:03,,"",29.824620395176012,-95.18993439751466,,"",29.824574394880255,-95.18979800801883,,user
Chewy - HOU1,13250 Crosby Rd,187577,HOU1,Houston,TX,3155,CREW,2026-07-12 18:27,2026-07-13 00:31,Closed,06:04,,"",29.824724264757734,-95.18995733945471,,"",29.82470329483327,-95.18996129893036,,user
Chewy - HOU1,13250 Crosby Rd,187577,HOU1,Houston,TX,3701,CREW,2026-07-12 18:27,2026-07-13 00:28,Closed,06:01,,"",29.824713764995288,-95.19002804608935,,"",29.82471154638954,-95.18996505448932,,user
Chewy - HOU1,13250 Crosby Rd,187577,HOU1,Houston,TX,8398,CREW,2026-07-12 18:30,2026-07-13 00:33,Closed,06:03,,"",29.8244219,-95.1895876,,"",29.82447,-95.1898097,,user
Chewy - HOU1,13250 Crosby Rd,187577,HOU1,Houston,TX,8216,CREW,2026-07-12 18:30,2026-07-13 00:30,Closed,06:00,,"",29.824625241687254,-95.18988810476608,,"",29.824686667861027,-95.1899732316547,,user
Chewy - HOU1,13250 Crosby Rd,187577,HOU1,Houston,TX,480474019,CREW,2026-07-13 01:29,2026-07-13 05:30,Closed,04:01,,"",29.8243546,-95.1895299,,"",29.8244213,-95.1895751,,user
Chewy - HOU1,13250 Crosby Rd,187577,HOU1,Houston,TX,3701,CREW,2026-07-13 01:29,2026-07-13 05:30,Closed,04:01,,"",29.824701016921058,-95.18995022798875,,"",29.824939387927518,-95.19042595327014,,user
Chewy - HOU1,13250 Crosby Rd,187577,HOU1,Houston,TX,0000,CREW,2026-07-13 01:30,2026-07-13 05:30,Closed,04:00,,"",29.82470499837343,-95.18995924867099,,"",29.825238590156495,-95.19016630956455,,user
Chewy - HOU1,13250 Crosby Rd,187577,HOU1,Houston,TX,2712,CREW,2026-07-13 01:30,2026-07-13 05:32,Closed,04:02,,"",29.824717671669063,-95.18995158017844,,"",29.82505320234276,-95.18998585853632,,user
Chewy - HOU1,13250 Crosby Rd,187577,HOU1,Houston,TX,7204,CREW,2026-07-13 01:30,2026-07-13 05:30,Closed,04:00,,"",29.824633328088655,-95.18989867922865,,"",29.824689122008312,-95.19000573692513,,user
Chewy - HOU1,13250 Crosby Rd,187577,HOU1,Houston,TX,8398,CREW,2026-07-13 01:30,2026-07-13 05:30,Closed,04:00,,"",29.8244932,-95.1898457,,"",29.8244972,-95.1898413,,user
Chewy - HOU1,13250 Crosby Rd,187577,HOU1,Houston,TX,8216,CREW,2026-07-13 01:31,2026-07-13 05:30,Closed,03:59,,"",29.82465369126559,-95.18994448156194,,"",29.82453637982255,-95.18974983318972,,user
Chewy - HOU1,13250 Crosby Rd,187577,HOU1,Houston,TX,3155,CREW,2026-07-13 01:31,2026-07-13 05:30,Closed,03:59,,"",29.82470482960342,-95.18996018540274,,"",29.82492996848172,-95.19043453046604,,user
Chewy - HOU1,13250 Crosby Rd,187577,HOU1,Houston,TX,0957,CREW,2026-07-13 05:55,2026-07-13 12:00,Closed,06:05,,"",29.824718683607802,-95.18996873235876,,"",29.82471132873891,-95.18996533976713,,user
Chewy - HOU1,13250 Crosby Rd,187577,HOU1,Houston,TX,3675,CREW,2026-07-13 05:55,2026-07-13 12:00,Closed,06:05,,"",29.824708037479343,-95.18993517107467,,"",29.824688393558016,-95.18993437332819,,user
Chewy - HOU1,13250 Crosby Rd,187577,HOU1,Houston,TX,6586,CREW,2026-07-13 05:55,2026-07-13 12:01,Closed,06:06,,"",29.8251688,-95.1898908,,"",29.8243562,-95.1896286,,user
Chewy - HOU1,13250 Crosby Rd,187577,HOU1,Houston,TX,6261,CREW,2026-07-13 05:55,2026-07-13 12:01,Closed,06:06,,"",29.8242967,-95.1894959,,"",29.8242737,-95.1894822,,user
Chewy - HOU1,13250 Crosby Rd,187577,HOU1,Houston,TX,6320,CREW,2026-07-13 05:57,2026-07-13 13:30,Closed,07:33,,"",29.824672047732637,-95.18993237360705,,"",29.82462450122761,-95.18987076002395,,user
Chewy - HOU1,13250 Crosby Rd,187577,HOU1,Houston,TX,2189,CREW,2026-07-13 05:58,2026-07-13 12:01,Closed,06:03,,"",29.8233217,-95.19481,,"",29.8243961,-95.189583,,user
Chewy - HOU1,13250 Crosby Rd,187577,HOU1,Houston,TX,4156,CREW,2026-07-13 05:59,2026-07-13 12:01,Closed,06:02,,"",29.8246817,-95.192395,,"",29.8243923,-95.1896107,,user
Chewy - HOU1,13250 Crosby Rd,187577,HOU1,Houston,TX,6067,CREW,2026-07-13 05:59,2026-07-13 12:00,Closed,06:01,,"",29.824710316375647,-95.18996697852106,,"",29.824708429485575,-95.18996521195105,,user
Chewy - HOU1,13250 Crosby Rd,187577,HOU1,Houston,TX,6532,CREW,2026-07-13 06:00,2026-07-13 12:03,Closed,06:03,,"",29.824909836827253,-95.18869053380533,,"",29.824694761740233,-95.18994869736487,,user
Chewy - HOU1,13250 Crosby Rd,187577,HOU1,Houston,TX,1009,CREW,2026-07-13 06:00,2026-07-13 12:04,Closed,06:04,,"",29.824668020199777,-95.1899162167509,,"",29.824668020199777,-95.1899162167509,,user
Chewy - HOU1,13250 Crosby Rd,187577,HOU1,Houston,TX,5794,CREW,2026-07-13 06:00,2026-07-13 12:01,Closed,06:01,,"",29.8259969,-95.1895872,,"",29.82432,-95.1895801,,user
Chewy - HOU1,13250 Crosby Rd,187577,HOU1,Houston,TX,9496,CREW,2026-07-13 06:08,2026-07-13 12:04,Closed,05:56,,"",29.822752366594866,-95.19678128389756,,"",29.824719242909385,-95.18996327836611,,user
Chewy - HOU1,13250 Crosby Rd,187577,HOU1,Houston,TX,9318,CREW,2026-07-13 06:08,2026-07-13 12:01,Closed,05:53,,"",29.822735683413942,-95.19676418019313,,"",29.824716646686426,-95.18997156966401,,user
Chewy - HOU1,13250 Crosby Rd,187577,HOU1,Houston,TX,1276,CREW,2026-07-13 06:08,2026-07-13 12:00,Closed,05:52,,"",29.8255505,-95.1907214,,"",29.8250616,-95.1911034,,user
Chewy - HOU1,13250 Crosby Rd,187577,HOU1,Houston,TX,6586,CREW,2026-07-13 12:57,2026-07-13 17:02,Closed,04:05,,"",29.8243169,-95.1893625,,"",29.8251643,-95.1898434,,user
Chewy - HOU1,13250 Crosby Rd,187577,HOU1,Houston,TX,0957,CREW,2026-07-13 12:59,2026-07-13 17:00,Closed,04:01,,"",29.82471350063496,-95.18996779405101,,"",29.827234310644148,-95.19035073700455,,user
Chewy - HOU1,13250 Crosby Rd,187577,HOU1,Houston,TX,2189,CREW,2026-07-13 12:59,2026-07-13 17:00,Closed,04:01,,"",29.8243036,-95.1895001,,"",29.8249733,-95.1903717,,user
Chewy - HOU1,13250 Crosby Rd,187577,HOU1,Houston,TX,4156,CREW,2026-07-13 12:59,2026-07-13 17:00,Closed,04:01,,"",29.8244281,-95.1896167,,"",29.8245944,-95.1899734,,user
Chewy - HOU1,13250 Crosby Rd,187577,HOU1,Houston,TX,1276,CREW,2026-07-13 12:59,2026-07-13 17:00,Closed,04:01,,"",29.824912,-95.1898052,,"",29.8251135,-95.1902395,,user
Chewy - HOU1,13250 Crosby Rd,187577,HOU1,Houston,TX,6067,CREW,2026-07-13 13:00,2026-07-13 17:01,Closed,04:01,,"",29.824709003785816,-95.18996580898634,,"",29.82470930118506,-95.18996608173768,,user
Chewy - HOU1,13250 Crosby Rd,187577,HOU1,Houston,TX,9496,CREW,2026-07-13 13:00,2026-07-13 17:03,Closed,04:03,,"",29.824719242909385,-95.18996327836611,,"",29.824719242909385,-95.18996327836611,,user
Chewy - HOU1,13250 Crosby Rd,187577,HOU1,Houston,TX,3675,CREW,2026-07-13 13:00,2026-07-13 17:00,Closed,04:00,,"",29.824704577285594,-95.18995785575943,,"",29.82477610593628,-95.1896982509078,,user
Chewy - HOU1,13250 Crosby Rd,187577,HOU1,Houston,TX,9318,CREW,2026-07-13 13:00,2026-07-13 17:00,Closed,04:00,,"",29.82471644688594,-95.18997904760151,,"",29.82471582663092,-95.18994967053587,,user
Chewy - HOU1,13250 Crosby Rd,187577,HOU1,Houston,TX,6532,CREW,2026-07-13 13:00,2026-07-13 17:02,Closed,04:02,,"",29.824620518247862,-95.18988457697269,,"",29.82510690862987,-95.1902358505664,,user
Chewy - HOU1,13250 Crosby Rd,187577,HOU1,Houston,TX,5794,CREW,2026-07-13 13:00,2026-07-13 17:01,Closed,04:01,,"",29.8245382,-95.1896801,,"",29.8244033,-95.1895451,,user
Chewy - HOU1,13250 Crosby Rd,187577,HOU1,Houston,TX,6261,CREW,2026-07-13 13:00,2026-07-13 17:01,Closed,04:01,,"",29.8243912,-95.1896577,,"",29.8251183,-95.1898619,,user
Chewy - HOU1,13250 Crosby Rd,187577,HOU1,Houston,TX,1009,CREW,2026-07-13 13:00,2026-07-13 17:21,Closed,04:21,,"",29.824668020199777,-95.1899162167509,,"",29.78582763671875,-95.24506090899149,,geofence
Chewy - HOU1,13250 Crosby Rd,187577,HOU1,Houston,TX,6320,CREW,2026-07-13 14:30,2026-07-13 17:01,Closed,02:31,,"",29.824631562542727,-95.18989224537208,,"",29.824569471601023,-95.19011618735082,,user
Chewy - HOU1,13250 Crosby Rd,187577,HOU1,Houston,TX,0000,CREW,2026-07-13 18:16,2026-07-14 00:29,Closed,06:13,,"",29.8247194936937,-95.19005547474255,,"",29.82469950616657,-95.18996089951851,,user
Chewy - HOU1,13250 Crosby Rd,187577,HOU1,Houston,TX,3155,CREW,2026-07-13 18:28,2026-07-14 00:30,Closed,06:02,,"",29.82493118385768,-95.19048959956987,,"",29.824718591843805,-95.18995846452835,,user
Chewy - HOU1,13250 Crosby Rd,187577,HOU1,Houston,TX,480474019,CREW,2026-07-13 18:29,2026-07-14 00:30,Closed,06:01,,"",29.8244906,-95.1895586,,"",29.8244628,-95.1896249,,user
Chewy - HOU1,13250 Crosby Rd,187577,HOU1,Houston,TX,7204,CREW,2026-07-13 18:29,2026-07-14 00:30,Closed,06:01,,"",29.82465671334559,-95.18991275775554,,"",29.824627410946924,-95.18987672346319,,user
Chewy - HOU1,13250 Crosby Rd,187577,HOU1,Houston,TX,6007,CREW,2026-07-13 18:30,2026-07-14 00:30,Closed,06:00,,"",29.8243687,-95.1894575,,"",29.8244531,-95.1895772,,user
Chewy - HOU1,13250 Crosby Rd,187577,HOU1,Houston,TX,3701,CREW,2026-07-13 18:30,2026-07-14 00:28,Closed,05:58,,"",29.824659191099762,-95.19011031845136,,"",29.824672132148088,-95.18990487782872,,user
Chewy - HOU1,13250 Crosby Rd,187577,HOU1,Houston,TX,2712,CREW,2026-07-13 18:30,2026-07-14 00:30,Closed,06:00,,"",29.824719184784506,-95.18995285781189,,"",29.82471939106756,-95.189953584236,,user
Chewy - HOU1,13250 Crosby Rd,187577,HOU1,Houston,TX,8398,CREW,2026-07-13 18:30,2026-07-14 00:30,Closed,06:00,,"",29.8244528,-95.1895551,,"",29.8243814,-95.1895208,,user
Chewy - HOU1,13250 Crosby Rd,187577,HOU1,Houston,TX,8216,CREW,2026-07-13 18:30,2026-07-14 00:30,Closed,06:00,,"",29.82456746330102,-95.18990231317038,,"",29.824727434432084,-95.19003271605142,,user
Chewy - HOU1,13250 Crosby Rd,187577,HOU1,Houston,TX,3701,CREW,2026-07-14 01:28,2026-07-14 05:30,Closed,04:02,,"",29.824707067271845,-95.18995908707181,,"",29.824943547164857,-95.1905396395318,,user
Chewy - HOU1,13250 Crosby Rd,187577,HOU1,Houston,TX,480474019,CREW,2026-07-14 01:29,2026-07-14 05:31,Closed,04:02,,"",29.8245477,-95.1896352,,"",29.8243698,-95.1895159,,user
Chewy - HOU1,13250 Crosby Rd,187577,HOU1,Houston,TX,7204,CREW,2026-07-14 01:29,2026-07-14 05:30,Closed,04:01,,"",29.824617442629414,-95.18985375295959,,"",29.82466461904346,-95.1899143117892,,user
Chewy - HOU1,13250 Crosby Rd,187577,HOU1,Houston,TX,0000,CREW,2026-07-14 01:29,2026-07-14 05:31,Closed,04:02,,"",29.82471085252902,-95.18996863417479,,"",29.82490367269579,-95.19089410506673,,user
Chewy - HOU1,13250 Crosby Rd,187577,HOU1,Houston,TX,3155,CREW,2026-07-14 01:29,2026-07-14 05:30,Closed,04:01,,"",29.82472600192019,-95.18995707047297,,"",29.82488118725577,-95.19052237866445,,user
Chewy - HOU1,13250 Crosby Rd,187577,HOU1,Houston,TX,6007,CREW,2026-07-14 01:30,2026-07-14 05:30,Closed,04:00,,"",29.8244275,-95.1895686,,"",29.8243626,-95.1894424,,user
Chewy - HOU1,13250 Crosby Rd,187577,HOU1,Houston,TX,2712,CREW,2026-07-14 01:30,2026-07-14 05:30,Closed,04:00,,"",29.824719319567254,-95.18995367797214,,"",29.824902256346057,-95.18976150184221,,user
Chewy - HOU1,13250 Crosby Rd,187577,HOU1,Houston,TX,8398,CREW,2026-07-14 01:30,2026-07-14 05:30,Closed,04:00,,"",29.8242881,-95.1893599,,"",29.824455,-95.1898884,,user
Chewy - HOU1,13250 Crosby Rd,187577,HOU1,Houston,TX,8216,CREW,2026-07-14 01:30,2026-07-14 05:30,Closed,04:00,,"",29.82452650339524,-95.18981179975853,,"",29.824594828552822,-95.18989045388209,,user
Chewy - HOU1,13250 Crosby Rd,187577,HOU1,Houston,TX,3675,CREW,2026-07-14 05:55,2026-07-14 12:00,Closed,06:05,,"",29.82473353430317,-95.18996764893966,,"",29.824700017880925,-95.18994280421296,,user
Chewy - HOU1,13250 Crosby Rd,187577,HOU1,Houston,TX,6261,CREW,2026-07-14 05:55,2026-07-14 12:00,Closed,06:05,,"",29.8244054,-95.189668,,"",29.8244261,-95.1894166,,user
Chewy - HOU1,13250 Crosby Rd,187577,HOU1,Houston,TX,0957,CREW,2026-07-14 05:55,2026-07-14 12:00,Closed,06:05,,"",29.824714239149642,-95.18996645756118,,"",29.82470807896718,-95.18995971487789,,user
Chewy - HOU1,13250 Crosby Rd,187577,HOU1,Houston,TX,6586,CREW,2026-07-14 05:55,2026-07-14 12:01,Closed,06:06,,"",29.8269948,-95.1909197,,"",29.8244066,-95.1895743,,user
Chewy - HOU1,13250 Crosby Rd,187577,HOU1,Houston,TX,6320,CREW,2026-07-14 05:55,2026-07-14 13:30,Closed,07:35,,"",29.824614980098914,-95.18988647601276,,"",29.82462613900533,-95.18991142826177,,user
Chewy - HOU1,13250 Crosby Rd,187577,HOU1,Houston,TX,6067,CREW,2026-07-14 05:59,2026-07-14 12:01,Closed,06:02,,"",29.82470526405551,-95.1899357186963,,"",29.824712236870635,-95.18996465053222,,user
Chewy - HOU1,13250 Crosby Rd,187577,HOU1,Houston,TX,6532,CREW,2026-07-14 06:00,2026-07-14 12:00,Closed,06:00,,"",29.825779600000004,-95.18855350000001,,"",29.824694910624483,-95.18994789362583,,user
Chewy - HOU1,13250 Crosby Rd,187577,HOU1,Houston,TX,1009,CREW,2026-07-14 06:00,2026-07-14 12:44,Closed,06:44,,"",29.824667293269727,-95.1899161334392,,"",29.824667293269727,-95.1899161334392,,user
Chewy - HOU1,13250 Crosby Rd,187577,HOU1,Houston,TX,1276,CREW,2026-07-14 06:01,2026-07-14 12:01,Closed,06:00,,"",29.825102,-95.1902837,,"",29.825904,-95.1900329,,user
Chewy - HOU1,13250 Crosby Rd,187577,HOU1,Houston,TX,2189,CREW,2026-07-14 06:01,2026-07-14 12:00,Closed,05:59,,"",29.823345,-95.1949833,,"",29.8244169,-95.1896472,,user
Chewy - HOU1,13250 Crosby Rd,187577,HOU1,Houston,TX,4156,CREW,2026-07-14 06:01,2026-07-14 12:00,Closed,05:59,,"",29.823945,-95.1935483,,"",29.8244468,-95.1896552,,user
Chewy - HOU1,13250 Crosby Rd,187577,HOU1,Houston,TX,9496,CREW,2026-07-14 06:01,2026-07-14 12:03,Closed,06:02,,"",29.82291498981619,-95.19643545302924,,"",29.82471968726935,-95.18996302701275,,user
Chewy - HOU1,13250 Crosby Rd,187577,HOU1,Houston,TX,9318,CREW,2026-07-14 06:02,2026-07-14 12:00,Closed,05:58,,"",29.823769132073014,-95.19382637973702,,"",29.824723057660567,-95.18996476316023,,user
Chewy - HOU1,13250 Crosby Rd,187577,HOU1,Houston,TX,5794,CREW,2026-07-14 06:02,2026-07-14 12:00,Closed,05:58,,"",29.8245363,-95.1895528,,"",29.8243644,-95.18942,,user
Chewy - HOU1,13250 Crosby Rd,187577,HOU1,Houston,TX,6586,CREW,2026-07-14 12:55,2026-07-14 17:01,Closed,04:06,,"",29.8244076,-95.1895921,,"",29.8251857,-95.1898361,,user
Chewy - HOU1,13250 Crosby Rd,187577,HOU1,Houston,TX,0957,CREW,2026-07-14 12:59,2026-07-14 17:00,Closed,04:01,,"",29.824708125241578,-95.18995972897449,,"",29.825135808413677,-95.18984055000524,,user
Chewy - HOU1,13250 Crosby Rd,187577,HOU1,Houston,TX,4156,CREW,2026-07-14 12:59,2026-07-14 17:04,Closed,04:05,,"",29.82441,-95.1896513,,"",29.8251427,-95.1901973,,user
Chewy - HOU1,13250 Crosby Rd,187577,HOU1,Houston,TX,9318,CREW,2026-07-14 12:59,2026-07-14 17:00,Closed,04:01,,"",29.824721366620558,-95.18997878659266,,"",29.824914237053022,-95.19052414802572,,user
Chewy - HOU1,13250 Crosby Rd,187577,HOU1,Houston,TX,2189,CREW,2026-07-14 13:00,2026-07-14 17:00,Closed,04:00,,"",29.8243353,-95.189613,,"",29.828214,-95.1964967,,user
Chewy - HOU1,13250 Crosby Rd,187577,HOU1,Houston,TX,6067,CREW,2026-07-14 13:00,2026-07-14 17:00,Closed,04:00,,"",29.824717024574642,-95.18997179437437,,"",29.824717140851103,-95.18997190076337,,user
Chewy - HOU1,13250 Crosby Rd,187577,HOU1,Houston,TX,6532,CREW,2026-07-14 13:00,2026-07-14 17:01,Closed,04:01,,"",29.8251147,-95.19030319999999,,"",29.825114799999998,-95.1903033,,user
Chewy - HOU1,13250 Crosby Rd,187577,HOU1,Houston,TX,1009,CREW,2026-07-14 13:00,2026-07-14 17:05,Closed,04:05,,"",29.824667293269727,-95.1899161334392,,"",29.824814293028556,-95.18971651091185,,user
Chewy - HOU1,13250 Crosby Rd,187577,HOU1,Houston,TX,5794,CREW,2026-07-14 13:00,2026-07-14 17:01,Closed,04:01,,"",29.824556,-95.1896638,,"",29.8243183,-95.1894819,,user
Chewy - HOU1,13250 Crosby Rd,187577,HOU1,Houston,TX,6261,CREW,2026-07-14 13:00,2026-07-14 17:00,Closed,04:00,,"",29.8243021,-95.1894997,,"",29.8251129,-95.1898673,,user
Chewy - HOU1,13250 Crosby Rd,187577,HOU1,Houston,TX,3675,CREW,2026-07-14 13:00,2026-07-14 17:00,Closed,04:00,,"",29.82471592391258,-95.1899707273701,,"",29.82474171871392,-95.18999037863695,,user
Chewy - HOU1,13250 Crosby Rd,187577,HOU1,Houston,TX,1276,CREW,2026-07-14 13:00,2026-07-14 17:00,Closed,04:00,,"",29.8250858,-95.1904397,,"",29.8248924,-95.1914738,,user
Chewy - HOU1,13250 Crosby Rd,187577,HOU1,Houston,TX,9496,CREW,2026-07-14 13:01,2026-07-14 17:01,Closed,04:00,,"",29.82471968726935,-95.18996302701275,,"",29.82488219163364,-95.19128990368469,,user
Chewy - HOU1,13250 Crosby Rd,187577,HOU1,Houston,TX,6320,CREW,2026-07-14 14:30,2026-07-14 17:00,Closed,02:30,,"",29.82464828989642,-95.18993911663603,,"",29.825633029198574,-95.18992391781453,,user
Chewy - HOU1,13250 Crosby Rd,187577,HOU1,Houston,TX,3701,CREW,2026-07-14 18:27,2026-07-15 00:28,Closed,06:01,,"",29.82471383297505,-95.18994427785431,,"",29.824719603355806,-95.18994922902088,,user
Chewy - HOU1,13250 Crosby Rd,187577,HOU1,Houston,TX,480474019,CREW,2026-07-14 18:27,2026-07-15 00:29,Closed,06:02,,"",29.8244749,-95.1896058,,"",29.8244927,-95.1896469,,user
Chewy - HOU1,13250 Crosby Rd,187577,HOU1,Houston,TX,3155,CREW,2026-07-14 18:27,2026-07-15 00:29,Closed,06:02,,"",29.824721542647957,-95.18995859330461,,"",29.824703996738638,-95.18996240309504,,user
Chewy - HOU1,13250 Crosby Rd,187577,HOU1,Houston,TX,2712,CREW,2026-07-14 18:28,2026-07-15 00:30,Closed,06:02,,"",29.824721842814725,-95.18995494549729,,"",29.824720146851302,-95.18995381582423,,user
Chewy - HOU1,13250 Crosby Rd,187577,HOU1,Houston,TX,7204,CREW,2026-07-14 18:29,2026-07-15 00:30,Closed,06:01,,"",29.824663625600905,-95.18992838909881,,"",29.824563008402578,-95.18976255614903,,user
Chewy - HOU1,13250 Crosby Rd,187577,HOU1,Houston,TX,6007,CREW,2026-07-14 18:29,2026-07-15 00:42,Closed,06:13,,"",29.8244817,-95.1895475,,"",29.824381,-95.1895678,,user
Chewy - HOU1,13250 Crosby Rd,187577,HOU1,Houston,TX,8398,CREW,2026-07-14 18:30,2026-07-15 00:30,Closed,06:00,,"",29.8243494,-95.1894092,,"",29.8244721,-95.1895163,,user
Chewy - HOU1,13250 Crosby Rd,187577,HOU1,Houston,TX,8216,CREW,2026-07-14 18:30,2026-07-15 00:30,Closed,06:00,,"",29.82465763205011,-95.18995962978843,,"",29.82468516400084,-95.18998068664506,,user
Chewy - HOU1,13250 Crosby Rd,187577,HOU1,Houston,TX,0000,CREW,2026-07-14 19:51,2026-07-15 00:52,Closed,05:01,,"",29.82199518064444,-95.19095169290644,,"",29.82471259920581,-95.18996954045197,,user
Chewy - HOU1,13250 Crosby Rd,187577,HOU1,Houston,TX,3701,CREW,2026-07-15 01:28,2026-07-15 05:30,Closed,04:02,,"",29.824719466271183,-95.18994920363468,,"",29.824902607095165,-95.19039410570798,,user
